{
  "build_id": "HUAWEIPGB-AL00",
  "build_product": "PGB-AL00",
  "build_device": "unknownPGB-Q",
  "build_board": "PGB",
  "build_manufacturer": "HUAWEI",
  "build_brand": "HUAWEI",
  "build_model": "PGB-AL00",
  "build_type": "user",
  "build_fingerprint": "HUAWEI/PGB-AL00/unknownPGB-Q:11/HUAWEIPGB-AL00/109.1.1.22SP10C00:user/release-keys",
  "build_abi": "arm64-v8a",
  "build_abi2": "",
  "build_serial": "0186492211500039",
  "build_version_release": "11",
  "build_version_sdk": "30",
  "build_reference_fingerprint": "",
  "build_abis": "arm64-v8a,armeabi-v7a,armeabi",
  "build_abis_32": "armeabi-v7a,armeabi",
  "build_abis_64": "arm64-v8a",
  "build_version_base_os": "",
  "build_version_security_patch": "2020-11-01"
}