{
  "device_groups": [
    {
      "devices": [
        0
      ],
      "subset_allocation": false
    }
  ],
  "layers": [],
  "extensions": [
    {
      "extension_name": "VK_KHR_surface",
      "spec_version": 25
    },
    {
      "extension_name": "VK_KHR_android_surface",
      "spec_version": 6
    },
    {
      "extension_name": "VK_EXT_swapchain_colorspace",
      "spec_version": 4
    },
    {
      "extension_name": "VK_KHR_get_surface_capabilities2",
      "spec_version": 1
    },
    {
      "extension_name": "VK_EXT_debug_report",
      "spec_version": 9
    },
    {
      "extension_name": "VK_KHR_get_physical_device_properties2",
      "spec_version": 1
    },
    {
      "extension_name": "VK_KHR_external_semaphore_capabilities",
      "spec_version": 1
    },
    {
      "extension_name": "VK_KHR_external_memory_capabilities",
      "spec_version": 1
    },
    {
      "extension_name": "VK_KHR_device_group_creation",
      "spec_version": 1
    },
    {
      "extension_name": "VK_KHR_external_fence_capabilities",
      "spec_version": 1
    }
  ],
  "devices": [
    {
      "properties": {
        "api_version": 4198528,
        "driver_version": 2149654528,
        "vendor_id": 20803,
        "device_id": 100861184,
        "device_type": 1,
        "device_name": "Adreno (TM) 642L",
        "pipeline_cache_uuid": [
          0,
          204,
          4,
          14,
          67,
          81,
          0,
          0,
          0,
          0,
          0,
          5,
          3,
          6,
          0,
          0
        ],
        "limits": {
          "max_image_dimension_1d": 16384,
          "max_image_dimension_2d": 16384,
          "max_image_dimension_3d": 2048,
          "max_image_dimension_cube": 16384,
          "max_image_array_layers": 2048,
          "max_texel_buffer_elements": 134217728,
          "max_uniform_buffer_range": 65536,
          "max_storage_buffer_range": 536870912,
          "max_push_constants_size": 128,
          "max_memory_allocation_count": 4096,
          "max_sampler_allocation_count": 4000,
          "buffer_image_granularity": "0x0000000000000001",
          "sparse_address_space_size": "0x0000000000000000",
          "max_bound_descriptor_sets": 4,
          "max_per_stage_descriptor_samplers": 524288,
          "max_per_stage_descriptor_uniform_buffers": 524288,
          "max_per_stage_descriptor_storage_buffers": 524288,
          "max_per_stage_descriptor_sampled_images": 524288,
          "max_per_stage_descriptor_storage_images": 524288,
          "max_per_stage_descriptor_input_attachments": 8,
          "max_per_stage_resources": 1572864,
          "max_descriptor_set_samplers": 524288,
          "max_descriptor_set_uniform_buffers": 524288,
          "max_descriptor_set_uniform_buffers_dynamic": 32,
          "max_descriptor_set_storage_buffers": 524288,
          "max_descriptor_set_storage_buffers_dynamic": 16,
          "max_descriptor_set_sampled_images": 524288,
          "max_descriptor_set_storage_images": 524288,
          "max_descriptor_set_input_attachments": 8,
          "max_vertex_input_attributes": 32,
          "max_vertex_input_bindings": 32,
          "max_vertex_input_attribute_offset": 4096,
          "max_vertex_input_binding_stride": 2048,
          "max_vertex_output_components": 128,
          "max_tessellation_generation_level": 64,
          "max_tessellation_patch_size": 32,
          "max_tessellation_control_per_vertex_input_components": 128,
          "max_tessellation_control_per_vertex_output_components": 128,
          "max_tessellation_control_per_patch_output_components": 120,
          "max_tessellation_control_total_output_components": 4096,
          "max_tessellation_evaluation_input_components": 128,
          "max_tessellation_evaluation_output_components": 128,
          "max_geometry_shader_invocations": 32,
          "max_geometry_input_components": 128,
          "max_geometry_output_components": 128,
          "max_geometry_output_vertices": 1024,
          "max_geometry_total_output_components": 131072,
          "max_fragment_input_components": 112,
          "max_fragment_output_attachments": 8,
          "max_fragment_dual_src_attachments": 1,
          "max_fragment_combined_output_resources": 72,
          "max_compute_shared_memory_size": 32768,
          "max_compute_work_group_count": [
            65535,
            65535,
            65535
          ],
          "max_compute_work_group_invocations": 1024,
          "max_compute_work_group_size": [
            1024,
            1024,
            64
          ],
          "sub_pixel_precision_bits": 8,
          "sub_texel_precision_bits": 8,
          "mipmap_precision_bits": 8,
          "max_draw_indexed_index_value": 4294967295,
          "max_draw_indirect_count": 4294967295,
          "max_sampler_lod_bias": 15.99609375,
          "max_sampler_anisotropy": 16.0,
          "max_viewports": 1,
          "max_viewport_dimensions": [
            16384,
            16384
          ],
          "viewport_bounds_range": [
            -32768.0,
            32767.0
          ],
          "viewport_sub_pixel_bits": 8,
          "min_memory_map_alignment": "0x0000000000000040",
          "min_texel_buffer_offset_alignment": "0x0000000000000040",
          "min_uniform_buffer_offset_alignment": "0x0000000000000040",
          "min_storage_buffer_offset_alignment": "0x0000000000000040",
          "min_texel_offset": -16,
          "max_texel_offset": 15,
          "min_texel_gather_offset": -32,
          "max_texel_gather_offset": 31,
          "min_interpolation_offset": -0.5,
          "max_interpolation_offset": 0.4375,
          "sub_pixel_interpolation_offset_bits": 4,
          "max_framebuffer_width": 16384,
          "max_framebuffer_height": 16384,
          "max_framebuffer_layers": 2048,
          "framebuffer_color_sample_counts": 7,
          "framebuffer_depth_sample_counts": 7,
          "framebuffer_stencil_sample_counts": 7,
          "framebuffer_no_attachments_sample_counts": 7,
          "max_color_attachments": 8,
          "sampled_image_color_sample_counts": 7,
          "sampled_image_integer_sample_counts": 7,
          "sampled_image_depth_sample_counts": 7,
          "sampled_image_stencil_sample_counts": 7,
          "storage_image_sample_counts": 1,
          "max_sample_mask_words": 1,
          "timestamp_compute_and_graphics": true,
          "timestamp_period": 52.08333206176758,
          "max_clip_distances": 8,
          "max_cull_distances": 8,
          "max_combined_clip_and_cull_distances": 8,
          "discrete_queue_priorities": 3,
          "point_size_range": [
            1.0,
            4092.0
          ],
          "line_width_range": [
            1.0,
            1.0
          ],
          "point_size_granularity": 0.0625,
          "line_width_granularity": 0.0,
          "strict_lines": true,
          "standard_sample_locations": true,
          "optimal_buffer_copy_offset_alignment": "0x0000000000000040",
          "optimal_buffer_copy_row_pitch_alignment": "0x0000000000000040",
          "non_coherent_atom_size": "0x0000000000000001"
        },
        "sparse_properties": {
          "residency_standard_2d_block_shape": false,
          "residency_standard_2d_multisample_block_shape": false,
          "residency_standard_3d_block_shape": false,
          "residency_aligned_mip_size": false,
          "residency_non_resident_strict": false
        }
      },
      "features": {
        "robust_buffer_access": true,
        "full_draw_index_uint32": true,
        "image_cube_array": true,
        "independent_blend": true,
        "geometry_shader": true,
        "tessellation_shader": true,
        "sample_rate_shading": true,
        "dual_src_blend": true,
        "logic_op": false,
        "multi_draw_indirect": true,
        "draw_indirect_first_instance": true,
        "depth_clamp": true,
        "depth_bias_clamp": true,
        "fill_mode_non_solid": true,
        "depth_bounds": true,
        "wide_lines": false,
        "large_points": true,
        "alpha_to_one": true,
        "multi_viewport": false,
        "sampler_anisotropy": true,
        "texture_compression_etc2": true,
        "texture_compression_astc_ldr": true,
        "texture_compression_bc": false,
        "occlusion_query_precise": true,
        "pipeline_statistics_query": true,
        "vertex_pipeline_stores_and_atomics": true,
        "fragment_stores_and_atomics": true,
        "shader_tessellation_and_geometry_point_size": false,
        "shader_image_gather_extended": true,
        "shader_storage_image_extended_formats": true,
        "shader_storage_image_multisample": false,
        "shader_storage_image_read_without_format": true,
        "shader_storage_image_write_without_format": true,
        "shader_uniform_buffer_array_dynamic_indexing": true,
        "shader_sampled_image_array_dynamic_indexing": true,
        "shader_storage_buffer_array_dynamic_indexing": true,
        "shader_storage_image_array_dynamic_indexing": true,
        "shader_clip_distance": true,
        "shader_cull_distance": true,
        "shader_float64": false,
        "shader_int64": false,
        "shader_int16": true,
        "shader_resource_residency": false,
        "shader_resource_min_lod": false,
        "sparse_binding": false,
        "sparse_residency_buffer": false,
        "sparse_residency_image_2d": false,
        "sparse_residency_image_3d": false,
        "sparse_residency_2_samples": false,
        "sparse_residency_4_samples": false,
        "sparse_residency_8_samples": false,
        "sparse_residency_16_samples": false,
        "sparse_residency_aliased": false,
        "variable_multisample_rate": false,
        "inherited_queries": true
      },
      "memory": {
        "memory_type_count": 7,
        "memory_types": [
          {
            "property_flags": 1,
            "heap_index": 0
          },
          {
            "property_flags": 11,
            "heap_index": 0
          },
          {
            "property_flags": 15,
            "heap_index": 0
          },
          {
            "property_flags": 1,
            "heap_index": 0
          },
          {
            "property_flags": 7,
            "heap_index": 0
          },
          {
            "property_flags": 33,
            "heap_index": 1
          },
          {
            "property_flags": 17,
            "heap_index": 0
          }
        ],
        "memory_heap_count": 2,
        "memory_heaps": [
          {
            "size": "0x00000001cb1a9000",
            "flags": 1
          },
          {
            "size": "0x0000000010000000",
            "flags": 1
          }
        ]
      },
      "queues": [
        {
          "queue_flags": 19,
          "queue_count": 3,
          "timestamp_valid_bits": 48,
          "min_image_transfer_granularity": {
            "width": 1,
            "height": 1,
            "depth": 1
          }
        }
      ],
      "layers": [],
      "extensions": [
        {
          "extension_name": "VK_KHR_incremental_present",
          "spec_version": 1
        },
        {
          "extension_name": "VK_EXT_hdr_metadata",
          "spec_version": 2
        },
        {
          "extension_name": "VK_KHR_shared_presentable_image",
          "spec_version": 1
        },
        {
          "extension_name": "VK_GOOGLE_display_timing",
          "spec_version": 1
        },
        {
          "extension_name": "VK_EXT_subgroup_size_control",
          "spec_version": 2
        },
        {
          "extension_name": "VK_KHR_external_memory",
          "spec_version": 1
        },
        {
          "extension_name": "VK_EXT_pipeline_creation_feedback",
          "spec_version": 1
        },
        {
          "extension_name": "VK_KHR_shader_float16_int8",
          "spec_version": 1
        },
        {
          "extension_name": "VK_KHR_get_memory_requirements2",
          "spec_version": 1
        },
        {
          "extension_name": "VK_KHR_spirv_1_4",
          "spec_version": 1
        },
        {
          "extension_name": "VK_EXT_fragment_density_map",
          "spec_version": 1
        },
        {
          "extension_name": "VK_KHR_external_semaphore_fd",
          "spec_version": 1
        },
        {
          "extension_name": "VK_QCOM_render_pass_store_ops",
          "spec_version": 2
        },
        {
          "extension_name": "VK_EXT_astc_decode_mode",
          "spec_version": 1
        },
        {
          "extension_name": "VK_KHR_external_memory_fd",
          "spec_version": 1
        },
        {
          "extension_name": "VK_QCOM_render_pass_shader_resolve",
          "spec_version": 4
        },
        {
          "extension_name": "VK_KHR_maintenance1",
          "spec_version": 1
        },
        {
          "extension_name": "VK_KHR_maintenance2",
          "spec_version": 1
        },
        {
          "extension_name": "VK_KHR_maintenance3",
          "spec_version": 1
        },
        {
          "extension_name": "VK_KHR_separate_depth_stencil_layouts",
          "spec_version": 1
        },
        {
          "extension_name": "VK_EXT_image_robustness",
          "spec_version": 1
        },
        {
          "extension_name": "VK_KHR_buffer_device_address",
          "spec_version": 1
        },
        {
          "extension_name": "VK_EXT_extended_dynamic_state",
          "spec_version": 1
        },
        {
          "extension_name": "VK_EXT_queue_family_foreign",
          "spec_version": 1
        },
        {
          "extension_name": "VK_KHR_bind_memory2",
          "spec_version": 1
        },
        {
          "extension_name": "VK_KHR_external_semaphore",
          "spec_version": 1
        },
        {
          "extension_name": "VK_EXT_scalar_block_layout",
          "spec_version": 1
        },
        {
          "extension_name": "VK_KHR_sampler_ycbcr_conversion",
          "spec_version": 1
        },
        {
          "extension_name": "VK_EXT_vertex_attribute_divisor",
          "spec_version": 3
        },
        {
          "extension_name": "VK_KHR_variable_pointers",
          "spec_version": 1
        },
        {
          "extension_name": "VK_KHR_push_descriptor",
          "spec_version": 1
        },
        {
          "extension_name": "VK_KHR_timeline_semaphore",
          "spec_version": 2
        },
        {
          "extension_name": "VK_EXT_device_memory_report",
          "spec_version": 1
        },
        {
          "extension_name": "VK_KHR_imageless_framebuffer",
          "spec_version": 1
        },
        {
          "extension_name": "VK_KHR_device_group",
          "spec_version": 2
        },
        {
          "extension_name": "VK_KHR_relaxed_block_layout",
          "spec_version": 1
        },
        {
          "extension_name": "VK_KHR_external_fence",
          "spec_version": 1
        },
        {
          "extension_name": "VK_EXT_host_query_reset",
          "spec_version": 1
        },
        {
          "extension_name": "VK_EXT_index_type_uint8",
          "spec_version": 1
        },
        {
          "extension_name": "VK_KHR_multiview",
          "spec_version": 1
        },
        {
          "extension_name": "VK_KHR_storage_buffer_storage_class",
          "spec_version": 1
        },
        {
          "extension_name": "VK_EXT_fragment_density_map2",
          "spec_version": 1
        },
        {
          "extension_name": "VK_KHR_shader_subgroup_extended_types",
          "spec_version": 1
        },
        {
          "extension_name": "VK_EXT_private_data",
          "spec_version": 1
        },
        {
          "extension_name": "VK_EXT_pipeline_creation_cache_control",
          "spec_version": 1
        },
        {
          "extension_name": "VK_EXT_separate_stencil_usage",
          "spec_version": 1
        },
        {
          "extension_name": "VK_IMG_filter_cubic",
          "spec_version": 1
        },
        {
          "extension_name": "VK_EXT_filter_cubic",
          "spec_version": 3
        },
        {
          "extension_name": "VK_KHR_image_format_list",
          "spec_version": 1
        },
        {
          "extension_name": "VK_EXT_sampler_filter_minmax",
          "spec_version": 1
        },
        {
          "extension_name": "VK_KHR_16bit_storage",
          "spec_version": 1
        },
        {
          "extension_name": "VK_EXT_shader_demote_to_helper_invocation",
          "spec_version": 1
        },
        {
          "extension_name": "VK_QCOM_render_pass_transform",
          "spec_version": 1
        },
        {
          "extension_name": "VK_KHR_create_renderpass2",
          "spec_version": 1
        },
        {
          "extension_name": "VK_EXT_blend_operation_advanced",
          "spec_version": 1
        },
        {
          "extension_name": "VK_KHR_depth_stencil_resolve",
          "spec_version": 1
        },
        {
          "extension_name": "VK_KHR_shader_float_controls",
          "spec_version": 4
        },
        {
          "extension_name": "VK_EXT_texture_compression_astc_hdr",
          "spec_version": 1
        },
        {
          "extension_name": "VK_EXT_global_priority",
          "spec_version": 2
        },
        {
          "extension_name": "VK_KHR_shader_draw_parameters",
          "spec_version": 1
        },
        {
          "extension_name": "VK_KHR_vulkan_memory_model",
          "spec_version": 3
        },
        {
          "extension_name": "VK_EXT_descriptor_indexing",
          "spec_version": 2
        },
        {
          "extension_name": "VK_EXT_line_rasterization",
          "spec_version": 1
        },
        {
          "extension_name": "VK_KHR_descriptor_update_template",
          "spec_version": 1
        },
        {
          "extension_name": "VK_KHR_draw_indirect_count",
          "spec_version": 1
        },
        {
          "extension_name": "VK_KHR_driver_properties",
          "spec_version": 1
        },
        {
          "extension_name": "VK_KHR_uniform_buffer_standard_layout",
          "spec_version": 1
        },
        {
          "extension_name": "VK_ANDROID_external_memory_android_hardware_buffer",
          "spec_version": 3
        },
        {
          "extension_name": "VK_KHR_dedicated_allocation",
          "spec_version": 1
        },
        {
          "extension_name": "VK_EXT_sample_locations",
          "spec_version": 1
        },
        {
          "extension_name": "VK_KHR_swapchain",
          "spec_version": 70
        },
        {
          "extension_name": "VK_KHR_sampler_mirror_clamp_to_edge",
          "spec_version": 1
        },
        {
          "extension_name": "VK_KHR_external_fence_fd",
          "spec_version": 1
        }
      ],
      "vk_khr_variable_pointers": {
        "variable_pointer_features_khr": {
          "variable_pointers_storage_buffer": true,
          "variable_pointers": true
        }
      },
      "vk_khr_driver_properties": {
        "driver_properties_khr": {
          "driver_id": 8,
          "driver_name": "Qualcomm Technologies Inc. Adreno Vulkan Driver",
          "driver_info": "Driver Build: e04cc00185, I911f2d7bd6, 1630408860\nDate: 08/31/21\nCompiler Version: EV031.35.01.10\nDriver Branch: \n",
          "conformance_version": {
            "major": 1,
            "minor": 2,
            "subminor": 0,
            "patch": 1
          }
        }
      },
      "supported_formats": [
        {
          "format": 2,
          "linear_tiling_features": 130433,
          "optimal_tiling_features": 130433,
          "buffer_features": 0
        },
        {
          "format": 3,
          "linear_tiling_features": 130433,
          "optimal_tiling_features": 130433,
          "buffer_features": 0
        },
        {
          "format": 4,
          "linear_tiling_features": 130433,
          "optimal_tiling_features": 130433,
          "buffer_features": 0
        },
        {
          "format": 5,
          "linear_tiling_features": 2432,
          "optimal_tiling_features": 2432,
          "buffer_features": 8
        },
        {
          "format": 6,
          "linear_tiling_features": 130433,
          "optimal_tiling_features": 130433,
          "buffer_features": 0
        },
        {
          "format": 7,
          "linear_tiling_features": 130433,
          "optimal_tiling_features": 130433,
          "buffer_features": 8
        },
        {
          "format": 8,
          "linear_tiling_features": 130433,
          "optimal_tiling_features": 130433,
          "buffer_features": 0
        },
        {
          "format": 9,
          "linear_tiling_features": 130435,
          "optimal_tiling_features": 130435,
          "buffer_features": 88
        },
        {
          "format": 10,
          "linear_tiling_features": 130435,
          "optimal_tiling_features": 130435,
          "buffer_features": 88
        },
        {
          "format": 13,
          "linear_tiling_features": 117891,
          "optimal_tiling_features": 117891,
          "buffer_features": 88
        },
        {
          "format": 14,
          "linear_tiling_features": 117891,
          "optimal_tiling_features": 117891,
          "buffer_features": 88
        },
        {
          "format": 15,
          "linear_tiling_features": 128001,
          "optimal_tiling_features": 128001,
          "buffer_features": 0
        },
        {
          "format": 16,
          "linear_tiling_features": 16907651,
          "optimal_tiling_features": 16907651,
          "buffer_features": 88
        },
        {
          "format": 17,
          "linear_tiling_features": 130435,
          "optimal_tiling_features": 130435,
          "buffer_features": 88
        },
        {
          "format": 20,
          "linear_tiling_features": 117891,
          "optimal_tiling_features": 117891,
          "buffer_features": 88
        },
        {
          "format": 21,
          "linear_tiling_features": 117891,
          "optimal_tiling_features": 117891,
          "buffer_features": 88
        },
        {
          "format": 22,
          "linear_tiling_features": 130433,
          "optimal_tiling_features": 130433,
          "buffer_features": 0
        },
        {
          "format": 23,
          "linear_tiling_features": 130177,
          "optimal_tiling_features": 0,
          "buffer_features": 72
        },
        {
          "format": 24,
          "linear_tiling_features": 0,
          "optimal_tiling_features": 0,
          "buffer_features": 72
        },
        {
          "format": 27,
          "linear_tiling_features": 0,
          "optimal_tiling_features": 0,
          "buffer_features": 72
        },
        {
          "format": 28,
          "linear_tiling_features": 0,
          "optimal_tiling_features": 0,
          "buffer_features": 72
        },
        {
          "format": 30,
          "linear_tiling_features": 0,
          "optimal_tiling_features": 0,
          "buffer_features": 64
        },
        {
          "format": 37,
          "linear_tiling_features": 1047939,
          "optimal_tiling_features": 1047939,
          "buffer_features": 88
        },
        {
          "format": 38,
          "linear_tiling_features": 130435,
          "optimal_tiling_features": 130435,
          "buffer_features": 88
        },
        {
          "format": 41,
          "linear_tiling_features": 117891,
          "optimal_tiling_features": 117891,
          "buffer_features": 88
        },
        {
          "format": 42,
          "linear_tiling_features": 117891,
          "optimal_tiling_features": 117891,
          "buffer_features": 88
        },
        {
          "format": 43,
          "linear_tiling_features": 130433,
          "optimal_tiling_features": 130433,
          "buffer_features": 0
        },
        {
          "format": 44,
          "linear_tiling_features": 130433,
          "optimal_tiling_features": 130433,
          "buffer_features": 72
        },
        {
          "format": 50,
          "linear_tiling_features": 130433,
          "optimal_tiling_features": 130433,
          "buffer_features": 0
        },
        {
          "format": 51,
          "linear_tiling_features": 1047939,
          "optimal_tiling_features": 1047939,
          "buffer_features": 88
        },
        {
          "format": 52,
          "linear_tiling_features": 130435,
          "optimal_tiling_features": 130435,
          "buffer_features": 88
        },
        {
          "format": 55,
          "linear_tiling_features": 117891,
          "optimal_tiling_features": 117891,
          "buffer_features": 88
        },
        {
          "format": 56,
          "linear_tiling_features": 117891,
          "optimal_tiling_features": 117891,
          "buffer_features": 88
        },
        {
          "format": 57,
          "linear_tiling_features": 130433,
          "optimal_tiling_features": 130433,
          "buffer_features": 0
        },
        {
          "format": 58,
          "linear_tiling_features": 130433,
          "optimal_tiling_features": 130433,
          "buffer_features": 72
        },
        {
          "format": 59,
          "linear_tiling_features": 0,
          "optimal_tiling_features": 0,
          "buffer_features": 64
        },
        {
          "format": 62,
          "linear_tiling_features": 117889,
          "optimal_tiling_features": 117889,
          "buffer_features": 72
        },
        {
          "format": 63,
          "linear_tiling_features": 0,
          "optimal_tiling_features": 0,
          "buffer_features": 64
        },
        {
          "format": 64,
          "linear_tiling_features": 130435,
          "optimal_tiling_features": 130435,
          "buffer_features": 88
        },
        {
          "format": 65,
          "linear_tiling_features": 0,
          "optimal_tiling_features": 0,
          "buffer_features": 64
        },
        {
          "format": 68,
          "linear_tiling_features": 117891,
          "optimal_tiling_features": 117891,
          "buffer_features": 88
        },
        {
          "format": 69,
          "linear_tiling_features": 0,
          "optimal_tiling_features": 0,
          "buffer_features": 64
        },
        {
          "format": 70,
          "linear_tiling_features": 130435,
          "optimal_tiling_features": 130435,
          "buffer_features": 88
        },
        {
          "format": 71,
          "linear_tiling_features": 130435,
          "optimal_tiling_features": 130435,
          "buffer_features": 88
        },
        {
          "format": 74,
          "linear_tiling_features": 117891,
          "optimal_tiling_features": 117891,
          "buffer_features": 88
        },
        {
          "format": 75,
          "linear_tiling_features": 117891,
          "optimal_tiling_features": 117891,
          "buffer_features": 88
        },
        {
          "format": 76,
          "linear_tiling_features": 130435,
          "optimal_tiling_features": 130435,
          "buffer_features": 88
        },
        {
          "format": 77,
          "linear_tiling_features": 130435,
          "optimal_tiling_features": 130435,
          "buffer_features": 88
        },
        {
          "format": 78,
          "linear_tiling_features": 130435,
          "optimal_tiling_features": 130435,
          "buffer_features": 88
        },
        {
          "format": 81,
          "linear_tiling_features": 117895,
          "optimal_tiling_features": 117895,
          "buffer_features": 120
        },
        {
          "format": 82,
          "linear_tiling_features": 117895,
          "optimal_tiling_features": 117895,
          "buffer_features": 120
        },
        {
          "format": 83,
          "linear_tiling_features": 130435,
          "optimal_tiling_features": 130435,
          "buffer_features": 88
        },
        {
          "format": 84,
          "linear_tiling_features": 0,
          "optimal_tiling_features": 0,
          "buffer_features": 64
        },
        {
          "format": 85,
          "linear_tiling_features": 0,
          "optimal_tiling_features": 0,
          "buffer_features": 64
        },
        {
          "format": 88,
          "linear_tiling_features": 0,
          "optimal_tiling_features": 0,
          "buffer_features": 64
        },
        {
          "format": 89,
          "linear_tiling_features": 0,
          "optimal_tiling_features": 0,
          "buffer_features": 64
        },
        {
          "format": 90,
          "linear_tiling_features": 0,
          "optimal_tiling_features": 0,
          "buffer_features": 64
        },
        {
          "format": 91,
          "linear_tiling_features": 130435,
          "optimal_tiling_features": 130435,
          "buffer_features": 88
        },
        {
          "format": 92,
          "linear_tiling_features": 130435,
          "optimal_tiling_features": 130435,
          "buffer_features": 88
        },
        {
          "format": 95,
          "linear_tiling_features": 117891,
          "optimal_tiling_features": 117891,
          "buffer_features": 88
        },
        {
          "format": 96,
          "linear_tiling_features": 117891,
          "optimal_tiling_features": 117891,
          "buffer_features": 88
        },
        {
          "format": 97,
          "linear_tiling_features": 130435,
          "optimal_tiling_features": 130435,
          "buffer_features": 88
        },
        {
          "format": 98,
          "linear_tiling_features": 117895,
          "optimal_tiling_features": 117895,
          "buffer_features": 120
        },
        {
          "format": 99,
          "linear_tiling_features": 117895,
          "optimal_tiling_features": 117895,
          "buffer_features": 120
        },
        {
          "format": 100,
          "linear_tiling_features": 118147,
          "optimal_tiling_features": 118147,
          "buffer_features": 88
        },
        {
          "format": 101,
          "linear_tiling_features": 117891,
          "optimal_tiling_features": 117891,
          "buffer_features": 88
        },
        {
          "format": 102,
          "linear_tiling_features": 117891,
          "optimal_tiling_features": 117891,
          "buffer_features": 88
        },
        {
          "format": 103,
          "linear_tiling_features": 118147,
          "optimal_tiling_features": 118147,
          "buffer_features": 88
        },
        {
          "format": 104,
          "linear_tiling_features": 0,
          "optimal_tiling_features": 0,
          "buffer_features": 72
        },
        {
          "format": 105,
          "linear_tiling_features": 0,
          "optimal_tiling_features": 0,
          "buffer_features": 72
        },
        {
          "format": 106,
          "linear_tiling_features": 0,
          "optimal_tiling_features": 0,
          "buffer_features": 72
        },
        {
          "format": 107,
          "linear_tiling_features": 117891,
          "optimal_tiling_features": 117891,
          "buffer_features": 88
        },
        {
          "format": 108,
          "linear_tiling_features": 117891,
          "optimal_tiling_features": 117891,
          "buffer_features": 88
        },
        {
          "format": 109,
          "linear_tiling_features": 118147,
          "optimal_tiling_features": 118147,
          "buffer_features": 88
        },
        {
          "format": 122,
          "linear_tiling_features": 130435,
          "optimal_tiling_features": 130435,
          "buffer_features": 88
        },
        {
          "format": 123,
          "linear_tiling_features": 128001,
          "optimal_tiling_features": 128001,
          "buffer_features": 0
        },
        {
          "format": 124,
          "linear_tiling_features": 0,
          "optimal_tiling_features": 124417,
          "buffer_features": 0
        },
        {
          "format": 125,
          "linear_tiling_features": 0,
          "optimal_tiling_features": 128513,
          "buffer_features": 0
        },
        {
          "format": 126,
          "linear_tiling_features": 0,
          "optimal_tiling_features": 124417,
          "buffer_features": 0
        },
        {
          "format": 127,
          "linear_tiling_features": 0,
          "optimal_tiling_features": 116225,
          "buffer_features": 0
        },
        {
          "format": 129,
          "linear_tiling_features": 0,
          "optimal_tiling_features": 128513,
          "buffer_features": 0
        },
        {
          "format": 130,
          "linear_tiling_features": 0,
          "optimal_tiling_features": 116225,
          "buffer_features": 0
        },
        {
          "format": 131,
          "linear_tiling_features": 0,
          "optimal_tiling_features": 0,
          "buffer_features": 8
        },
        {
          "format": 133,
          "linear_tiling_features": 0,
          "optimal_tiling_features": 0,
          "buffer_features": 8
        },
        {
          "format": 135,
          "linear_tiling_features": 0,
          "optimal_tiling_features": 0,
          "buffer_features": 8
        },
        {
          "format": 137,
          "linear_tiling_features": 0,
          "optimal_tiling_features": 0,
          "buffer_features": 8
        },
        {
          "format": 139,
          "linear_tiling_features": 0,
          "optimal_tiling_features": 0,
          "buffer_features": 8
        },
        {
          "format": 140,
          "linear_tiling_features": 0,
          "optimal_tiling_features": 0,
          "buffer_features": 8
        },
        {
          "format": 141,
          "linear_tiling_features": 0,
          "optimal_tiling_features": 0,
          "buffer_features": 8
        },
        {
          "format": 142,
          "linear_tiling_features": 0,
          "optimal_tiling_features": 0,
          "buffer_features": 8
        },
        {
          "format": 143,
          "linear_tiling_features": 0,
          "optimal_tiling_features": 0,
          "buffer_features": 8
        },
        {
          "format": 144,
          "linear_tiling_features": 0,
          "optimal_tiling_features": 0,
          "buffer_features": 8
        },
        {
          "format": 145,
          "linear_tiling_features": 0,
          "optimal_tiling_features": 0,
          "buffer_features": 8
        },
        {
          "format": 147,
          "linear_tiling_features": 128001,
          "optimal_tiling_features": 128001,
          "buffer_features": 8
        },
        {
          "format": 148,
          "linear_tiling_features": 128001,
          "optimal_tiling_features": 128001,
          "buffer_features": 0
        },
        {
          "format": 149,
          "linear_tiling_features": 128001,
          "optimal_tiling_features": 128001,
          "buffer_features": 0
        },
        {
          "format": 150,
          "linear_tiling_features": 128001,
          "optimal_tiling_features": 128001,
          "buffer_features": 0
        },
        {
          "format": 151,
          "linear_tiling_features": 128001,
          "optimal_tiling_features": 128001,
          "buffer_features": 0
        },
        {
          "format": 152,
          "linear_tiling_features": 128001,
          "optimal_tiling_features": 128001,
          "buffer_features": 0
        },
        {
          "format": 153,
          "linear_tiling_features": 128001,
          "optimal_tiling_features": 128001,
          "buffer_features": 8
        },
        {
          "format": 154,
          "linear_tiling_features": 128001,
          "optimal_tiling_features": 128001,
          "buffer_features": 8
        },
        {
          "format": 155,
          "linear_tiling_features": 128001,
          "optimal_tiling_features": 128001,
          "buffer_features": 0
        },
        {
          "format": 156,
          "linear_tiling_features": 128001,
          "optimal_tiling_features": 128001,
          "buffer_features": 0
        },
        {
          "format": 157,
          "linear_tiling_features": 128001,
          "optimal_tiling_features": 128001,
          "buffer_features": 8
        },
        {
          "format": 158,
          "linear_tiling_features": 128001,
          "optimal_tiling_features": 128001,
          "buffer_features": 0
        },
        {
          "format": 159,
          "linear_tiling_features": 128001,
          "optimal_tiling_features": 128001,
          "buffer_features": 8
        },
        {
          "format": 160,
          "linear_tiling_features": 128001,
          "optimal_tiling_features": 128001,
          "buffer_features": 0
        },
        {
          "format": 161,
          "linear_tiling_features": 128001,
          "optimal_tiling_features": 128001,
          "buffer_features": 8
        },
        {
          "format": 162,
          "linear_tiling_features": 128001,
          "optimal_tiling_features": 128001,
          "buffer_features": 0
        },
        {
          "format": 163,
          "linear_tiling_features": 128001,
          "optimal_tiling_features": 128001,
          "buffer_features": 8
        },
        {
          "format": 164,
          "linear_tiling_features": 128001,
          "optimal_tiling_features": 128001,
          "buffer_features": 0
        },
        {
          "format": 165,
          "linear_tiling_features": 128001,
          "optimal_tiling_features": 128001,
          "buffer_features": 8
        },
        {
          "format": 166,
          "linear_tiling_features": 128001,
          "optimal_tiling_features": 128001,
          "buffer_features": 0
        },
        {
          "format": 167,
          "linear_tiling_features": 128001,
          "optimal_tiling_features": 128001,
          "buffer_features": 8
        },
        {
          "format": 168,
          "linear_tiling_features": 128001,
          "optimal_tiling_features": 128001,
          "buffer_features": 0
        },
        {
          "format": 169,
          "linear_tiling_features": 128001,
          "optimal_tiling_features": 128001,
          "buffer_features": 8
        },
        {
          "format": 170,
          "linear_tiling_features": 128001,
          "optimal_tiling_features": 128001,
          "buffer_features": 0
        },
        {
          "format": 171,
          "linear_tiling_features": 128001,
          "optimal_tiling_features": 128001,
          "buffer_features": 8
        },
        {
          "format": 172,
          "linear_tiling_features": 128001,
          "optimal_tiling_features": 128001,
          "buffer_features": 0
        },
        {
          "format": 173,
          "linear_tiling_features": 128001,
          "optimal_tiling_features": 128001,
          "buffer_features": 8
        },
        {
          "format": 174,
          "linear_tiling_features": 128001,
          "optimal_tiling_features": 128001,
          "buffer_features": 0
        },
        {
          "format": 175,
          "linear_tiling_features": 128001,
          "optimal_tiling_features": 128001,
          "buffer_features": 8
        },
        {
          "format": 176,
          "linear_tiling_features": 128001,
          "optimal_tiling_features": 128001,
          "buffer_features": 0
        },
        {
          "format": 177,
          "linear_tiling_features": 128001,
          "optimal_tiling_features": 128001,
          "buffer_features": 8
        },
        {
          "format": 178,
          "linear_tiling_features": 128001,
          "optimal_tiling_features": 128001,
          "buffer_features": 0
        },
        {
          "format": 179,
          "linear_tiling_features": 128001,
          "optimal_tiling_features": 128001,
          "buffer_features": 8
        },
        {
          "format": 180,
          "linear_tiling_features": 128001,
          "optimal_tiling_features": 128001,
          "buffer_features": 0
        },
        {
          "format": 181,
          "linear_tiling_features": 128001,
          "optimal_tiling_features": 128001,
          "buffer_features": 8
        },
        {
          "format": 182,
          "linear_tiling_features": 128001,
          "optimal_tiling_features": 128001,
          "buffer_features": 0
        },
        {
          "format": 183,
          "linear_tiling_features": 128001,
          "optimal_tiling_features": 128001,
          "buffer_features": 8
        },
        {
          "format": 184,
          "linear_tiling_features": 128001,
          "optimal_tiling_features": 128001,
          "buffer_features": 0
        },
        {
          "format": 1000156000,
          "linear_tiling_features": 245761,
          "optimal_tiling_features": 245761,
          "buffer_features": 0
        },
        {
          "format": 1000156001,
          "linear_tiling_features": 245761,
          "optimal_tiling_features": 245761,
          "buffer_features": 0
        },
        {
          "format": 1000156002,
          "linear_tiling_features": 13627393,
          "optimal_tiling_features": 13627393,
          "buffer_features": 0
        },
        {
          "format": 1000156003,
          "linear_tiling_features": 13627393,
          "optimal_tiling_features": 13627393,
          "buffer_features": 0
        },
        {
          "format": 1000156013,
          "linear_tiling_features": 4194304,
          "optimal_tiling_features": 4194304,
          "buffer_features": 0
        }
      ],
      "subgroup_properties": {
        "subgroup_size": 64,
        "supported_stages": 48,
        "supported_operations": 191,
        "quad_operations_in_all_stages": false
      },
      "point_clipping_properties": {
        "point_clipping_behavior": 1
      },
      "multiview_properties": {
        "max_multiview_view_count": 6,
        "max_multiview_instance_index": 4294967295
      },
      "id_properties": {
        "device_uuid": [
          67,
          81,
          0,
          0,
          5,
          0,
          0,
          0,
          123,
          2,
          80,
          0,
          10,
          0,
          123,
          2
        ],
        "driver_uuid": [
          3,
          0,
          0,
          0,
          0,
          0,
          0,
          0,
          0,
          0,
          0,
          0,
          0,
          0,
          0,
          0
        ],
        "device_luid": [
          0,
          0,
          0,
          0,
          0,
          0,
          0,
          0
        ],
        "device_node_mask": 0,
        "device_luid_valid": false
      },
      "maintenance_3_properties": {
        "max_per_set_descriptors": 4294967295,
        "max_memory_allocation_size": "0x0000000040000000"
      },
      "bit16_storage_features": {
        "storage_buffer_16bit_access": true,
        "uniform_and_storage_buffer_16bit_access": false,
        "storage_push_constant_16": false,
        "storage_input_output_16": false
      },
      "multiview_features": {
        "multiview": true,
        "multiview_geometry_shader": false,
        "multiview_tessellation_shader": false
      },
      "variable_pointer_features": {
        "variable_pointers_storage_buffer": true,
        "variable_pointers": true
      },
      "protected_memory_features": {
        "protected_memory": true
      },
      "sampler_ycbcr_conversion_features": {
        "sampler_ycbcr_conversion": true
      },
      "shader_draw_parameter_features": {
        "shader_draw_parameters": true
      },
      "external_fence_properties": [
        {
          "handle_type": 8,
          "export_from_imported_handle_types": 8,
          "compatible_handle_types": 8,
          "external_fence_features": 3
        }
      ],
      "external_semaphore_properties": [
        {
          "handle_type": 16,
          "export_from_imported_handle_types": 16,
          "compatible_handle_types": 16,
          "external_semaphore_features": 3
        }
      ]
    }
  ]
}