{
  "build_id": "HUAWEINCO-AL00",
  "build_product": "NCO-AL00",
  "build_device": "HWNCO-Q",
  "build_board": "NCO",
  "build_manufacturer": "HUAWEI",
  "build_brand": "HUAWEI",
  "build_model": "NCO-AL00",
  "build_type": "user",
  "build_fingerprint": "HUAWEI/NCO-AL00/HWNCO-Q:11/HUAWEINCO-AL00/101.0.1.20C00:user/release-keys",
  "build_abi": "arm64-v8a",
  "build_abi2": "",
  "build_serial": "0186492211500039",
  "build_version_release": "11",
  "build_version_sdk": "30",
  "build_reference_fingerprint": "",
  "build_abis": "arm64-v8a,armeabi-v7a,armeabi",
  "build_abis_32": "armeabi-v7a,armeabi",
  "build_abis_64": "arm64-v8a",
  "build_version_base_os": "",
  "build_version_security_patch": "2020-11-01"
}