{
  "ro_property": [
    {
      "name": "ro.SignalStrength.ValidateInput",
      "value": "true"
    },
    {
      "name": "ro.actionable_compatible_property.enabled",
      "value": "true"
    },
    {
      "name": "ro.alipay.channel.path",
      "value": "/preload/NCO-AL00/all/cn/xml/huawei_alipay_antibrush"
    },
    {
      "name": "ro.allow.mock.location",
      "value": "0"
    },
    {
      "name": "ro.apex.updatable",
      "value": "true"
    },
    {
      "name": "ro.autonavi.bid",
      "value": "M020000"
    },
    {
      "name": "ro.baseband",
      "value": "msm"
    },
    {
      "name": "ro.bluetooth.library_name",
      "value": "libbluetooth_qti.so"
    },
    {
      "name": "ro.board.boardid",
      "value": "8570"
    },
    {
      "name": "ro.board.hardware_version",
      "value": "HL1NICM"
    },
    {
      "name": "ro.board.platform",
      "value": "lahaina"
    },
    {
      "name": "ro.boot.baseband",
      "value": "msm"
    },
    {
      "name": "ro.boot.boot_devices",
      "value": "soc/1d84000.ufshc"
    },
    {
      "name": "ro.boot.bootdevice",
      "value": "1d84000.ufshc"
    },
    {
      "name": "ro.boot.console",
      "value": "ttyMSM0"
    },
    {
      "name": "ro.boot.dtb_idx",
      "value": "6"
    },
    {
      "name": "ro.boot.dtbo_idx",
      "value": "3"
    },
    {
      "name": "ro.boot.dynamic_partitions",
      "value": "true"
    },
    {
      "name": "ro.boot.flash.locked",
      "value": "0"
    },
    {
      "name": "ro.boot.force_normal_boot",
      "value": "1"
    },
    {
      "name": "ro.boot.fstab_suffix",
      "value": "qcom"
    },
    {
      "name": "ro.boot.hardware",
      "value": "qcom"
    },
    {
      "name": "ro.boot.huawei_vbmeta.digest",
      "value": "1bf5c0182ef895d362099d28c1d5e83b794a923b734f1401b65fb8687ab59252"
    },
    {
      "name": "ro.boot.keymaster",
      "value": "1"
    },
    {
      "name": "ro.boot.localproppath",
      "value": "all/cn"
    },
    {
      "name": "ro.boot.memcg",
      "value": "1"
    },
    {
      "name": "ro.boot.odm.conn.gnsschiptype",
      "value": "qcom"
    },
    {
      "name": "ro.boot.powerkey_restart_type",
      "value": "1"
    },
    {
      "name": "ro.boot.product.hardware.sku",
      "value": "NCO-AL00"
    },
    {
      "name": "ro.boot.selinux",
      "value": "enforce"
    },
    {
      "name": "ro.boot.usbcontroller",
      "value": "a600000.dwc3"
    },
    {
      "name": "ro.boot.vbmeta.avb_version",
      "value": "1.0"
    },
    {
      "name": "ro.boot.vbmeta.device_state",
      "value": "unlocked"
    },
    {
      "name": "ro.boot.vbmeta.digest",
      "value": "aa845830f32243f59779564b8e8284f7ce1f6395c2a2b57be1de3da573659eb8"
    },
    {
      "name": "ro.boot.vbmeta.hash_alg",
      "value": "sha256"
    },
    {
      "name": "ro.boot.vbmeta.invalidate_on_error",
      "value": "yes"
    },
    {
      "name": "ro.boot.vbmeta.size",
      "value": "32256"
    },
    {
      "name": "ro.boot.vendor.ddrsize",
      "value": "8"
    },
    {
      "name": "ro.boot.verifiedbootstate",
      "value": "orange"
    },
    {
      "name": "ro.boot.veritymode",
      "value": "enforcing"
    },
    {
      "name": "ro.bootimage.build.date",
      "value": "Fri Feb 11 13:05:33 CST 2022"
    },
    {
      "name": "ro.bootimage.build.date.utc",
      "value": "1644555933"
    },
    {
      "name": "ro.bootimage.build.fingerprint",
      "value": "qti/lahaina/lahaina:11/RP1A.200720.011/root202202111305:user/dev-keys"
    },
    {
      "name": "ro.bootloader",
      "value": "unknown"
    },
    {
      "name": "ro.bootmode",
      "value": "unknown"
    },
    {
      "name": "ro.build.characteristics",
      "value": "default"
    },
    {
      "name": "ro.build.date",
      "value": "Fri Feb 11 13:16:46 CST 2022"
    },
    {
      "name": "ro.build.date.utc",
      "value": "1644556606"
    },
    {
      "name": "ro.build.description",
      "value": "NCO-AL00-user 101.0.1 HUAWEINCO-AL00 20-CHN-LGRP1 release-keys"
    },
    {
      "name": "ro.build.display.id",
      "value": "NCO-AL00 1.0.1.20(C00E20R2P1)"
    },
    {
      "name": "ro.build.enhanced_gk_rule",
      "value": "true"
    },
    {
      "name": "ro.build.fingerprint",
      "value": "HUAWEI/NCO-AL00/HWNCO-Q:11/HUAWEINCO-AL00/101.0.1.20C00:user/release-keys"
    },
    {
      "name": "ro.build.hide",
      "value": "true"
    },
    {
      "name": "ro.build.hide.matchers",
      "value": "2.0.1"
    },
    {
      "name": "ro.build.hide.replacements",
      "value": "1.0.1"
    },
    {
      "name": "ro.build.hide.settings",
      "value": "8;1.8 GHz;2.0GB;11.00 GB;16.00 GB;1920 x 1080;7.0;3.10.30;1.0"
    },
    {
      "name": "ro.build.host",
      "value": "cn-east-hcd-4a-10daee9681644555688505-7ffff49cc8-z7f2s"
    },
    {
      "name": "ro.build.hw_emui_api_level",
      "value": "27"
    },
    {
      "name": "ro.build.id",
      "value": "HUAWEINCO-AL00"
    },
    {
      "name": "ro.build.keys",
      "value": "dev-keys"
    },
    {
      "name": "ro.build.ohos.devicetype",
      "value": "phone"
    },
    {
      "name": "ro.build.product",
      "value": "NCO"
    },
    {
      "name": "ro.build.tags",
      "value": "release-keys"
    },
    {
      "name": "ro.build.type",
      "value": "user"
    },
    {
      "name": "ro.build.update_version",
      "value": "V1_2"
    },
    {
      "name": "ro.build.user",
      "value": "test"
    },
    {
      "name": "ro.build.ver.physical",
      "value": "NCO-AL00 102.0.1.20(C00E20R2P1)"
    },
    {
      "name": "ro.build.version.all_codenames",
      "value": "REL"
    },
    {
      "name": "ro.build.version.codename",
      "value": "REL"
    },
    {
      "name": "ro.build.version.emui",
      "value": "EmotionUI_12.0.1"
    },
    {
      "name": "ro.build.version.incremental",
      "value": "102.0.1.20C00"
    },
    {
      "name": "ro.build.version.min_supported_target_sdk",
      "value": "23"
    },
    {
      "name": "ro.build.version.preview_sdk",
      "value": "0"
    },
    {
      "name": "ro.build.version.preview_sdk_fingerprint",
      "value": "REL"
    },
    {
      "name": "ro.build.version.release",
      "value": "11"
    },
    {
      "name": "ro.build.version.release_or_codename",
      "value": "11"
    },
    {
      "name": "ro.build.version.sdk",
      "value": "30"
    },
    {
      "name": "ro.build.version.security_patch",
      "value": "2020-11-01"
    },
    {
      "name": "ro.camera.sound.not_forced",
      "value": "true"
    },
    {
      "name": "ro.camera.video_fps_default",
      "value": "30"
    },
    {
      "name": "ro.carrier",
      "value": "unknown"
    },
    {
      "name": "ro.cdma.home.operator.numeric",
      "value": "46003"
    },
    {
      "name": "ro.channel.cn.wps.moffice_eng",
      "value": "oem00172"
    },
    {
      "name": "ro.channel.com.sina.weibo",
      "value": "20004_90030"
    },
    {
      "name": "ro.channel.com.taobao.litetao",
      "value": "huawei_preload"
    },
    {
      "name": "ro.channel.qqbrowser",
      "value": "1100121370"
    },
    {
      "name": "ro.channel.red",
      "value": "HuaweiPreloadV2"
    },
    {
      "name": "ro.channel.tv.danmaku.bili",
      "value": "huawei_tv.danmaku.bili_20200827"
    },
    {
      "name": "ro.channelId.com.smile.gifmaker",
      "value": "HUAWEI_KWAI"
    },
    {
      "name": "ro.channelId.com.wuba",
      "value": "1169"
    },
    {
      "name": "ro.channelId.taobao",
      "value": "/preload/NCO-AL00/all/cn/xml/sjtbconfig.ini"
    },
    {
      "name": "ro.channelId.vipshop",
      "value": "preload/NCO-AL00/all/cn/xml"
    },
    {
      "name": "ro.channelid.youku",
      "value": "1551859897914"
    },
    {
      "name": "ro.cid.path.qunar",
      "value": "/preload/NCO-AL00/all/cn/xml/"
    },
    {
      "name": "ro.com.baidu.searchbox",
      "value": "/preload/NCO-AL00/all/cn/lib64/"
    },
    {
      "name": "ro.com.ss.android.ugc.aweme",
      "value": "/preload/NCO-AL00/all/cn/xml/huawei_aweme_400_pre_install.config"
    },
    {
      "name": "ro.com.ximalaya.ting.android.yz-huawei",
      "value": "yz-huawei"
    },
    {
      "name": "ro.comp.cust_version",
      "value": "Cust-CHN 102.0.1.1(0000)"
    },
    {
      "name": "ro.comp.hl.product_base_version",
      "value": "NCO-LGRP1-CHN 2.0.1.20"
    },
    {
      "name": "ro.comp.hl.product_base_version.real",
      "value": "NCO-LGRP1-CHN 102.0.1.20"
    },
    {
      "name": "ro.comp.hl.product_cust_version",
      "value": "NCO-AL00-CUST 2.0.1.20(C00)"
    },
    {
      "name": "ro.comp.hl.product_cust_version.real",
      "value": "NCO-AL00-CUST 102.0.1.20(C00)"
    },
    {
      "name": "ro.comp.hl.product_preload_version",
      "value": "NCO-AL00-PRELOAD 2.0.1.1(C00R2)"
    },
    {
      "name": "ro.comp.hl.product_preload_version.real",
      "value": "NCO-AL00-PRELOAD 102.0.1.1(C00R2)"
    },
    {
      "name": "ro.comp.preas_version",
      "value": "Preas-CHN 102.0.1(0001)"
    },
    {
      "name": "ro.comp.preas_version.full",
      "value": "Preas-CHN 102.0.1(X)"
    },
    {
      "name": "ro.comp.preavs_version",
      "value": "Preavs 102.0.1(0000)"
    },
    {
      "name": "ro.comp.product_version",
      "value": "Product-NCO 102.0.1(0000)"
    },
    {
      "name": "ro.comp.system_version",
      "value": "System 102.0.1.110(37NH)"
    },
    {
      "name": "ro.comp.version_version",
      "value": "Version-NCO-AL00-000000 102.0.1(0002)"
    },
    {
      "name": "ro.confg.hw_systemversion",
      "value": "System 102.0.1.110(37NH)"
    },
    {
      "name": "ro.config.StkDisplayTexNoRes",
      "value": "true"
    },
    {
      "name": "ro.config.SupportSdcard",
      "value": "false"
    },
    {
      "name": "ro.config.alarm_alert",
      "value": "Flourish.ogg"
    },
    {
      "name": "ro.config.amr_wb_show_hd",
      "value": "true"
    },
    {
      "name": "ro.config.aperture_main_page",
      "value": "false"
    },
    {
      "name": "ro.config.aperture_zoom_custom",
      "value": "1"
    },
    {
      "name": "ro.config.app_big_icon_size",
      "value": "176"
    },
    {
      "name": "ro.config.attach_apn_enabled",
      "value": "true"
    },
    {
      "name": "ro.config.attach_ip_type",
      "value": "IPV4V6"
    },
    {
      "name": "ro.config.auto_display_mode",
      "value": "true"
    },
    {
      "name": "ro.config.beta_sec_ctrl",
      "value": "false"
    },
    {
      "name": "ro.config.browser_chr",
      "value": "false"
    },
    {
      "name": "ro.config.bt_a2dp_disabled_enc",
      "value": "5"
    },
    {
      "name": "ro.config.bundle_optb_mnc",
      "value": "306"
    },
    {
      "name": "ro.config.cl_volte_autoswitch",
      "value": "true"
    },
    {
      "name": "ro.config.colorTemperature_3d",
      "value": "true"
    },
    {
      "name": "ro.config.colorTemperature_K3",
      "value": "true"
    },
    {
      "name": "ro.config.color_aod_type",
      "value": "2047"
    },
    {
      "name": "ro.config.cpu_info_display",
      "value": "高通骁龙778G"
    },
    {
      "name": "ro.config.data_preinstalled",
      "value": "true"
    },
    {
      "name": "ro.config.dataoff_timeout",
      "value": "5"
    },
    {
      "name": "ro.config.default_screensize",
      "value": "1080,2400"
    },
    {
      "name": "ro.config.demo_allow_pwd",
      "value": "false"
    },
    {
      "name": "ro.config.disable_operator_name",
      "value": "true"
    },
    {
      "name": "ro.config.disable_reset_by_mdm",
      "value": "true"
    },
    {
      "name": "ro.config.disable_triple",
      "value": "true"
    },
    {
      "name": "ro.config.disabled_wifi_display",
      "value": "true"
    },
    {
      "name": "ro.config.distributed_app_fwk",
      "value": "true"
    },
    {
      "name": "ro.config.dns.two_threads",
      "value": "true"
    },
    {
      "name": "ro.config.dnscure_ipcfg",
      "value": "10.8.2.1;10.8.2.2|8.8.8.8;208.67.222.222;180.76.76.76;223.5.5.5"
    },
    {
      "name": "ro.config.dsds_mode",
      "value": "cdma_gsm"
    },
    {
      "name": "ro.config.dual_view_mode",
      "value": "true"
    },
    {
      "name": "ro.config.empty.package",
      "value": "true"
    },
    {
      "name": "ro.config.enable_iaware",
      "value": "true"
    },
    {
      "name": "ro.config.enable_perfhub_fling",
      "value": "true"
    },
    {
      "name": "ro.config.enable_rms",
      "value": "true"
    },
    {
      "name": "ro.config.enable_thermal_bdata",
      "value": "true"
    },
    {
      "name": "ro.config.enterprise_support",
      "value": "true"
    },
    {
      "name": "ro.config.evdo_dropto_1x",
      "value": "true"
    },
    {
      "name": "ro.config.face_recognition",
      "value": "true"
    },
    {
      "name": "ro.config.fillet_radius_size",
      "value": "32"
    },
    {
      "name": "ro.config.finger_joint",
      "value": "true"
    },
    {
      "name": "ro.config.fp_navigation",
      "value": "true"
    },
    {
      "name": "ro.config.fp_notice_face",
      "value": "true"
    },
    {
      "name": "ro.config.full_network_support",
      "value": "true"
    },
    {
      "name": "ro.config.gameassist",
      "value": "1"
    },
    {
      "name": "ro.config.gameassist.anti-touch",
      "value": "1"
    },
    {
      "name": "ro.config.gameassist.full-finger",
      "value": "2"
    },
    {
      "name": "ro.config.gameassist.nodisturb",
      "value": "1"
    },
    {
      "name": "ro.config.gameassist.peripherals",
      "value": "1"
    },
    {
      "name": "ro.config.gameassist_booster",
      "value": "1"
    },
    {
      "name": "ro.config.gameassist_soundtovibrate",
      "value": "0"
    },
    {
      "name": "ro.config.gesture_nav_support",
      "value": "true"
    },
    {
      "name": "ro.config.gps_to_nlp",
      "value": "true"
    },
    {
      "name": "ro.config.hiai.translation_engine.full_feature",
      "value": "0"
    },
    {
      "name": "ro.config.hiaibase_push_mode",
      "value": "1"
    },
    {
      "name": "ro.config.hicall",
      "value": "true"
    },
    {
      "name": "ro.config.hidata_app_qoe",
      "value": "false"
    },
    {
      "name": "ro.config.hisi_net_ai_change",
      "value": "false"
    },
    {
      "name": "ro.config.hisi_video_acc",
      "value": "false"
    },
    {
      "name": "ro.config.huawei_smallwindow",
      "value": "0"
    },
    {
      "name": "ro.config.hw.knucklegesture",
      "value": "Huawei"
    },
    {
      "name": "ro.config.hw.security_volume",
      "value": "8"
    },
    {
      "name": "ro.config.hw_CUP_POS_on",
      "value": "2"
    },
    {
      "name": "ro.config.hw_OptiDBConfig",
      "value": "true"
    },
    {
      "name": "ro.config.hw_allow_rs_mms",
      "value": "true"
    },
    {
      "name": "ro.config.hw_aqv_enabled",
      "value": "false"
    },
    {
      "name": "ro.config.hw_camera_nfc_switch",
      "value": "true"
    },
    {
      "name": "ro.config.hw_charge_frz",
      "value": "true"
    },
    {
      "name": "ro.config.hw_cota",
      "value": "false"
    },
    {
      "name": "ro.config.hw_dts_settings",
      "value": "true"
    },
    {
      "name": "ro.config.hw_eapsim",
      "value": "true"
    },
    {
      "name": "ro.config.hw_easywakeup",
      "value": "true"
    },
    {
      "name": "ro.config.hw_eccNumUseRplmn",
      "value": "true"
    },
    {
      "name": "ro.config.hw_ecclist_nocard",
      "value": "+120,+122"
    },
    {
      "name": "ro.config.hw_ecclist_withcard",
      "value": "+112"
    },
    {
      "name": "ro.config.hw_em_solution_ver",
      "value": "B070"
    },
    {
      "name": "ro.config.hw_emcom",
      "value": "true"
    },
    {
      "name": "ro.config.hw_emcom_mpux",
      "value": "true"
    },
    {
      "name": "ro.config.hw_emui_cast_mode",
      "value": "true"
    },
    {
      "name": "ro.config.hw_emui_desktop_mode",
      "value": "true"
    },
    {
      "name": "ro.config.hw_emui_welink_cast",
      "value": "true"
    },
    {
      "name": "ro.config.hw_emui_wfd_pc_mode",
      "value": "true"
    },
    {
      "name": "ro.config.hw_fake_ecc_list",
      "value": "110,120,122,999,119"
    },
    {
      "name": "ro.config.hw_freeform_enable",
      "value": "true"
    },
    {
      "name": "ro.config.hw_globalEcc",
      "value": "true"
    },
    {
      "name": "ro.config.hw_globalSearch",
      "value": "true"
    },
    {
      "name": "ro.config.hw_hicar_mode",
      "value": "true"
    },
    {
      "name": "ro.config.hw_hicar_mode_wireless",
      "value": "true"
    },
    {
      "name": "ro.config.hw_hotswap_on",
      "value": "true"
    },
    {
      "name": "ro.config.hw_light_enhance",
      "value": "true"
    },
    {
      "name": "ro.config.hw_low_ram",
      "value": "false"
    },
    {
      "name": "ro.config.hw_lte_release",
      "value": "true"
    },
    {
      "name": "ro.config.hw_lte_support",
      "value": "true"
    },
    {
      "name": "ro.config.hw_media_flags",
      "value": "3"
    },
    {
      "name": "ro.config.hw_motion_reco_qcom",
      "value": "true"
    },
    {
      "name": "ro.config.hw_multiscreen",
      "value": "true"
    },
    {
      "name": "ro.config.hw_multiwindow_optimization",
      "value": "true"
    },
    {
      "name": "ro.config.hw_navigationbar",
      "value": "true"
    },
    {
      "name": "ro.config.hw_newsimple",
      "value": "true"
    },
    {
      "name": "ro.config.hw_nfc_def_route",
      "value": "1"
    },
    {
      "name": "ro.config.hw_nfc_msimce",
      "value": "true"
    },
    {
      "name": "ro.config.hw_nlp",
      "value": "com.huawei.lbs"
    },
    {
      "name": "ro.config.hw_notch_size",
      "value": "78,99,501,48"
    },
    {
      "name": "ro.config.hw_opta",
      "value": "999"
    },
    {
      "name": "ro.config.hw_optb",
      "value": "156"
    },
    {
      "name": "ro.config.hw_power_saving",
      "value": "true"
    },
    {
      "name": "ro.config.hw_power_voice_key",
      "value": "true"
    },
    {
      "name": "ro.config.hw_rcs_product",
      "value": "true"
    },
    {
      "name": "ro.config.hw_rcs_vendor",
      "value": "true"
    },
    {
      "name": "ro.config.hw_rcs_vs_is",
      "value": "1"
    },
    {
      "name": "ro.config.hw_singlehand",
      "value": "1"
    },
    {
      "name": "ro.config.hw_srlte",
      "value": "true"
    },
    {
      "name": "ro.config.hw_support_clone_app",
      "value": "true"
    },
    {
      "name": "ro.config.hw_support_geofence",
      "value": "true"
    },
    {
      "name": "ro.config.hw_support_led",
      "value": "false"
    },
    {
      "name": "ro.config.hw_switchdata_4G",
      "value": "true"
    },
    {
      "name": "ro.config.hw_sws",
      "value": "true"
    },
    {
      "name": "ro.config.hw_tint",
      "value": "true"
    },
    {
      "name": "ro.config.hw_triple_finger",
      "value": "true"
    },
    {
      "name": "ro.config.hw_updateCotaPara",
      "value": "true"
    },
    {
      "name": "ro.config.hw_useCtrlSocket",
      "value": "true"
    },
    {
      "name": "ro.config.hw_vcardBase64",
      "value": "true"
    },
    {
      "name": "ro.config.hw_voicemail_sim",
      "value": "true"
    },
    {
      "name": "ro.config.hw_volte_dyn",
      "value": "true"
    },
    {
      "name": "ro.config.hw_volte_icon_rule",
      "value": "1"
    },
    {
      "name": "ro.config.hw_volte_on",
      "value": "true"
    },
    {
      "name": "ro.config.hw_vtlte_on",
      "value": "true"
    },
    {
      "name": "ro.config.hw_wakeup_device",
      "value": "true"
    },
    {
      "name": "ro.config.hw_watermark",
      "value": "true"
    },
    {
      "name": "ro.config.hw_wfd_optimize",
      "value": "true"
    },
    {
      "name": "ro.config.hw_wifibridge",
      "value": "true"
    },
    {
      "name": "ro.config.hwsync_enabled",
      "value": "true"
    },
    {
      "name": "ro.config.hwtheme",
      "value": "1"
    },
    {
      "name": "ro.config.ipv4.mtu",
      "value": "1400"
    },
    {
      "name": "ro.config.linkplus.liveupdate",
      "value": "true"
    },
    {
      "name": "ro.config.lock_noti_simplify",
      "value": "true"
    },
    {
      "name": "ro.config.messagesound",
      "value": "Leap.ogg"
    },
    {
      "name": "ro.config.need_tailored",
      "value": "true"
    },
    {
      "name": "ro.config.networkmode_hide_dyn",
      "value": "true"
    },
    {
      "name": "ro.config.new_hw_screen_aspect",
      "value": "2400:2286:1080"
    },
    {
      "name": "ro.config.nfc_hasese",
      "value": "true"
    },
    {
      "name": "ro.config.nfc_nxp_active",
      "value": "s"
    },
    {
      "name": "ro.config.noti_list_simplify",
      "value": "true"
    },
    {
      "name": "ro.config.notification_sound",
      "value": "Rise.ogg"
    },
    {
      "name": "ro.config.para_updateCapacityVersion",
      "value": "1.0"
    },
    {
      "name": "ro.config.permanent_error_heal",
      "value": "true"
    },
    {
      "name": "ro.config.pg_enhance_bg_ctl",
      "value": "false"
    },
    {
      "name": "ro.config.pg_unify_push_5min",
      "value": "false"
    },
    {
      "name": "ro.config.pre_dns_query",
      "value": "true"
    },
    {
      "name": "ro.config.product_version_pre",
      "value": "NCO-AL00"
    },
    {
      "name": "ro.config.quicknote",
      "value": "true"
    },
    {
      "name": "ro.config.ringtone",
      "value": "Huawei_Tune_Harmony.ogg"
    },
    {
      "name": "ro.config.ringtone2",
      "value": "Huawei_Tune_Clean.ogg"
    },
    {
      "name": "ro.config.se_esetype",
      "value": "1"
    },
    {
      "name": "ro.config.smart_voice_mode",
      "value": "true"
    },
    {
      "name": "ro.config.sn_main_page",
      "value": "true"
    },
    {
      "name": "ro.config.softflash_lcd_flag",
      "value": "1"
    },
    {
      "name": "ro.config.streamEffect",
      "value": "1564"
    },
    {
      "name": "ro.config.support_aod",
      "value": "2"
    },
    {
      "name": "ro.config.support_doubletap_pay",
      "value": "true"
    },
    {
      "name": "ro.config.support_eid",
      "value": "true"
    },
    {
      "name": "ro.config.support_etcis",
      "value": "true"
    },
    {
      "name": "ro.config.support_face_mode",
      "value": "9"
    },
    {
      "name": "ro.config.support_hwpki",
      "value": "true"
    },
    {
      "name": "ro.config.support_iseapp",
      "value": "true"
    },
    {
      "name": "ro.config.support_one_time_hota",
      "value": "true"
    },
    {
      "name": "ro.config.support_privacyspace",
      "value": "true"
    },
    {
      "name": "ro.config.support_sdcard_crypt",
      "value": "false"
    },
    {
      "name": "ro.config.switchPrimaryVolume",
      "value": "true"
    },
    {
      "name": "ro.config.swsAlwaysActiveForSPK",
      "value": "true"
    },
    {
      "name": "ro.config.sws_version",
      "value": "0700"
    },
    {
      "name": "ro.config.txvideoid",
      "value": "40341"
    },
    {
      "name": "ro.config.updatelocation",
      "value": "true"
    },
    {
      "name": "ro.config.use_hw_security_patch",
      "value": "true"
    },
    {
      "name": "ro.config.use_passwd_length_rule",
      "value": "true"
    },
    {
      "name": "ro.config.vc_call_vol_steps",
      "value": "10"
    },
    {
      "name": "ro.config.weakauth_face_limit",
      "value": "false"
    },
    {
      "name": "ro.config.widevine_level3",
      "value": "true"
    },
    {
      "name": "ro.connectivity.chiptype",
      "value": "Q"
    },
    {
      "name": "ro.connectivity.sub_chiptype",
      "value": "QS03"
    },
    {
      "name": "ro.control.sleeplog",
      "value": "true"
    },
    {
      "name": "ro.control_privapp_permissions",
      "value": "enforce"
    },
    {
      "name": "ro.crypto.dm_default_key.options_format.version",
      "value": "2"
    },
    {
      "name": "ro.crypto.state",
      "value": "encrypted"
    },
    {
      "name": "ro.crypto.type",
      "value": "file"
    },
    {
      "name": "ro.crypto.uses_fs_ioc_add_encryption_key",
      "value": "true"
    },
    {
      "name": "ro.crypto.volume.metadata.method",
      "value": "dm-default-key"
    },
    {
      "name": "ro.cust.cdrom",
      "value": "/hw_product/region_comm/china/cdrom/autorun.iso"
    },
    {
      "name": "ro.dalvik.vm.native.bridge",
      "value": "0"
    },
    {
      "name": "ro.debuggable",
      "value": "1"
    },
    {
      "name": "ro.dual.sim.phone",
      "value": "true"
    },
    {
      "name": "ro.feature.hwcamera.osgiframework",
      "value": "false"
    },
    {
      "name": "ro.feature.hwcamera.watermark",
      "value": "true"
    },
    {
      "name": "ro.feature.notification_badge_combine_switch",
      "value": "true"
    },
    {
      "name": "ro.frp.pst",
      "value": "/dev/block/bootdevice/by-name/frp"
    },
    {
      "name": "ro.hardware",
      "value": "qcom"
    },
    {
      "name": "ro.hardware.egl",
      "value": "adreno"
    },
    {
      "name": "ro.hardware.vulkan",
      "value": "adreno"
    },
    {
      "name": "ro.huawei.build.date",
      "value": "Fri Feb 11 13:16:46 CST 2022"
    },
    {
      "name": "ro.huawei.build.date.utc",
      "value": "1644556606"
    },
    {
      "name": "ro.huawei.build.display.id",
      "value": "NCO-AL00 2.0.1.20(C00E20R2P1)"
    },
    {
      "name": "ro.huawei.build.fingerprint",
      "value": "HUAWEI/NCO-AL00/HWNCO-Q:11/HUAWEINCO-AL00/102.0.1.20C00:user/release-keys"
    },
    {
      "name": "ro.huawei.build.host",
      "value": "cn-east-hcd-4a-10daee9681644555688505-7ffff49cc8-z7f2s"
    },
    {
      "name": "ro.huawei.build.version.incremental",
      "value": "102.0.1.20C00"
    },
    {
      "name": "ro.huawei.build.version.security_patch",
      "value": "2022-01-01"
    },
    {
      "name": "ro.huawei.channel.zhihu",
      "value": "huawei_preinstall"
    },
    {
      "name": "ro.huawei.cust.oma_drm",
      "value": "false"
    },
    {
      "name": "ro.huawei.remount.check",
      "value": "4"
    },
    {
      "name": "ro.huaweiMarket.jingdong.path",
      "value": "preload/NCO-AL00/all/cn/xml"
    },
    {
      "name": "ro.hw.base_all_groupversion",
      "value": "G1.0"
    },
    {
      "name": "ro.hw.country",
      "value": "cn"
    },
    {
      "name": "ro.hw.custPath",
      "value": "/version/cust/all/cn"
    },
    {
      "name": "ro.hw.cust_all_groupversion",
      "value": "G1.0"
    },
    {
      "name": "ro.hw.defaultcotaversion",
      "value": "cota102.0.0"
    },
    {
      "name": "ro.hw.hota.is_hwinit_cust_exists",
      "value": "false"
    },
    {
      "name": "ro.hw.hota.is_hwinit_exists",
      "value": "false"
    },
    {
      "name": "ro.hw.hota.is_hwinit_preload_exists",
      "value": "false"
    },
    {
      "name": "ro.hw.ipv6opt",
      "value": "true"
    },
    {
      "name": "ro.hw.ipv6timeout",
      "value": "1900"
    },
    {
      "name": "ro.hw.oemName",
      "value": "NCO-AL00"
    },
    {
      "name": "ro.hw.preload_all_groupversion",
      "value": "G1.0"
    },
    {
      "name": "ro.hw.sub1_disable_switch_cs",
      "value": "true"
    },
    {
      "name": "ro.hw.vendor",
      "value": "all"
    },
    {
      "name": "ro.hw_disable_instantonline",
      "value": "false"
    },
    {
      "name": "ro.hw_sc.cversion",
      "value": "C00"
    },
    {
      "name": "ro.hwcamera.back_video_default_value",
      "value": "1080P"
    },
    {
      "name": "ro.hwcamera.beauty_max_3x_zoom_dot",
      "value": "true"
    },
    {
      "name": "ro.hwcamera.blurPreviewBeforeOpenCamera",
      "value": "false"
    },
    {
      "name": "ro.hwcamera.documentrecognition",
      "value": "false"
    },
    {
      "name": "ro.hwcamera.front_video_default_value",
      "value": "1080P"
    },
    {
      "name": "ro.hwcamera.lcdlight_enhance_full_mode_ae_level",
      "value": "-40"
    },
    {
      "name": "ro.hwcamera.lightpainting",
      "value": "false"
    },
    {
      "name": "ro.hwcamera.livephoto_enable",
      "value": "false"
    },
    {
      "name": "ro.hwcamera.maxRecreateTimes",
      "value": "6"
    },
    {
      "name": "ro.hwcamera.resolution_default_config",
      "value": "null,4,0,720P,960fps|0,3,1,null,null"
    },
    {
      "name": "ro.hwcamera.slowmotion",
      "value": "false"
    },
    {
      "name": "ro.hwcamera.suppernight",
      "value": "true"
    },
    {
      "name": "ro.hwcamera.timelapse",
      "value": "false"
    },
    {
      "name": "ro.hwpp.qcril_cross_mapping",
      "value": "true"
    },
    {
      "name": "ro.hwpp_ds_fail",
      "value": "111,30,32,33,35"
    },
    {
      "name": "ro.hwpp_fast_pref_net_reg",
      "value": "true"
    },
    {
      "name": "ro.hwpps.network.type.comma",
      "value": "true"
    },
    {
      "name": "ro.hwtracking.cn.wps.moffice_eng",
      "value": "huawei_preload_default"
    },
    {
      "name": "ro.hwtracking.com.Qunar",
      "value": "huawei_preload_default"
    },
    {
      "name": "ro.hwtracking.com.achievo.vipshop",
      "value": "huawei_preload_default"
    },
    {
      "name": "ro.hwtracking.com.autonavi.minimap",
      "value": "huawei_preload_default"
    },
    {
      "name": "ro.hwtracking.com.baidu.searchbox",
      "value": "huawei_preload_default"
    },
    {
      "name": "ro.hwtracking.com.eg.android.AlipayGphone",
      "value": "huawei_preload_default"
    },
    {
      "name": "ro.hwtracking.com.jingdong.app.mall",
      "value": "huawei_preload_default"
    },
    {
      "name": "ro.hwtracking.com.sina.weibo",
      "value": "huawei_preload_default"
    },
    {
      "name": "ro.hwtracking.com.smile.gifmaker",
      "value": "huawei_preload_default"
    },
    {
      "name": "ro.hwtracking.com.sohu.newsclient",
      "value": "huawei_preload_default"
    },
    {
      "name": "ro.hwtracking.com.ss.android.article.news",
      "value": "huawei_preload_default"
    },
    {
      "name": "ro.hwtracking.com.ss.android.ugc.aweme",
      "value": "huawei_preload_default"
    },
    {
      "name": "ro.hwtracking.com.taobao.litetao",
      "value": "huawei_preload_default"
    },
    {
      "name": "ro.hwtracking.com.taobao.taobao",
      "value": "huawei_preload_default"
    },
    {
      "name": "ro.hwtracking.com.tencent.mtt",
      "value": "huawei_preload_default"
    },
    {
      "name": "ro.hwtracking.com.tencent.qqlive",
      "value": "huawei_preload_default"
    },
    {
      "name": "ro.hwtracking.com.wuba",
      "value": "huawei_preload_default"
    },
    {
      "name": "ro.hwtracking.com.ximalaya.ting.android",
      "value": "huawei_preload_default"
    },
    {
      "name": "ro.hwtracking.com.xingin.xhs",
      "value": "huawei_preload_default"
    },
    {
      "name": "ro.hwtracking.com.youku.phone",
      "value": "huawei_preload_default"
    },
    {
      "name": "ro.hwtracking.com.zhihu.android",
      "value": "huawei_preload_default"
    },
    {
      "name": "ro.hwtracking.tv.danmaku.bili",
      "value": "huawei_preload_default"
    },
    {
      "name": "ro.hwui.drop_shadow_cache_size",
      "value": "6"
    },
    {
      "name": "ro.hwui.gradient_cache_size",
      "value": "1"
    },
    {
      "name": "ro.hwui.layer_cache_size",
      "value": "48"
    },
    {
      "name": "ro.hwui.path_cache_size",
      "value": "32"
    },
    {
      "name": "ro.hwui.r_buffer_cache_size",
      "value": "8"
    },
    {
      "name": "ro.hwui.text_large_cache_height",
      "value": "1024"
    },
    {
      "name": "ro.hwui.text_large_cache_width",
      "value": "2048"
    },
    {
      "name": "ro.hwui.text_small_cache_height",
      "value": "1024"
    },
    {
      "name": "ro.hwui.text_small_cache_width",
      "value": "1024"
    },
    {
      "name": "ro.hwui.texture_cache_flushrate",
      "value": "0.4"
    },
    {
      "name": "ro.hwui.texture_cache_size",
      "value": "72"
    },
    {
      "name": "ro.iconnect.trustpair",
      "value": "true"
    },
    {
      "name": "ro.iorapd.enable",
      "value": "false"
    },
    {
      "name": "ro.kernel.qemu.gles",
      "value": "0"
    },
    {
      "name": "ro.lmk.kill_heaviest_task",
      "value": "true"
    },
    {
      "name": "ro.lmk.kill_timeout_ms",
      "value": "15"
    },
    {
      "name": "ro.logd.kernel",
      "value": "false"
    },
    {
      "name": "ro.logd.size.stats",
      "value": "64K"
    },
    {
      "name": "ro.logsystem.usertype",
      "value": "1"
    },
    {
      "name": "ro.lostnetwork.default_timer",
      "value": "20"
    },
    {
      "name": "ro.magic.api.version",
      "value": "0.1"
    },
    {
      "name": "ro.maple.enable",
      "value": "0"
    },
    {
      "name": "ro.media.recorder-max-base-layer-fps",
      "value": "60"
    },
    {
      "name": "ro.minui.pixel_format",
      "value": "RGBX_8888"
    },
    {
      "name": "ro.nfc.port",
      "value": "I2C"
    },
    {
      "name": "ro.oba.version",
      "value": "20220211131209_OBA_VERSION"
    },
    {
      "name": "ro.odm.build.date.utc",
      "value": "1644555933"
    },
    {
      "name": "ro.oem.key1",
      "value": "C00R2"
    },
    {
      "name": "ro.oem_unlock_supported",
      "value": "1"
    },
    {
      "name": "ro.opengles.version",
      "value": "196610"
    },
    {
      "name": "ro.packagename.calendar",
      "value": "com.huawei.calendar"
    },
    {
      "name": "ro.packagename.contacts",
      "value": "com.huawei.contacts"
    },
    {
      "name": "ro.packagename.email",
      "value": "com.huawei.email"
    },
    {
      "name": "ro.packagename.notepad",
      "value": "com.huawei.notepad"
    },
    {
      "name": "ro.patch.baseline.version",
      "value": "2.0"
    },
    {
      "name": "ro.pid.youku",
      "value": "9e0bf023e17a6a2d"
    },
    {
      "name": "ro.postinstall.fstab.prefix",
      "value": "/system"
    },
    {
      "name": "ro.product.CustCVersion",
      "value": "C00"
    },
    {
      "name": "ro.product.antimal_protection",
      "value": "false"
    },
    {
      "name": "ro.product.board",
      "value": "NCO"
    },
    {
      "name": "ro.product.brand",
      "value": "HUAWEI"
    },
    {
      "name": "ro.product.cpu.abi",
      "value": "arm64-v8a"
    },
    {
      "name": "ro.product.cpu.abilist",
      "value": "arm64-v8a,armeabi-v7a,armeabi"
    },
    {
      "name": "ro.product.cpu.abilist32",
      "value": "armeabi-v7a,armeabi"
    },
    {
      "name": "ro.product.cpu.abilist64",
      "value": "arm64-v8a"
    },
    {
      "name": "ro.product.cuptsm",
      "value": "HUAWEI|ESE|01|02"
    },
    {
      "name": "ro.product.device",
      "value": "HWNCO-Q"
    },
    {
      "name": "ro.product.first_api_level",
      "value": "30"
    },
    {
      "name": "ro.product.locale",
      "value": "zh-Hans-CN"
    },
    {
      "name": "ro.product.locale.language",
      "value": "zh"
    },
    {
      "name": "ro.product.locale.region",
      "value": "CN"
    },
    {
      "name": "ro.product.manufacturer",
      "value": "HUAWEI"
    },
    {
      "name": "ro.product.model",
      "value": "NCO-AL00"
    },
    {
      "name": "ro.product.name",
      "value": "NCO-AL00"
    },
    {
      "name": "ro.product.perfmode",
      "value": "true"
    },
    {
      "name": "ro.product.property_source_order",
      "value": "odm,vendor,product,system_ext,system"
    },
    {
      "name": "ro.product.system.brand",
      "value": "Huawei"
    },
    {
      "name": "ro.product.system.device",
      "value": "ohosqssi"
    },
    {
      "name": "ro.product.system.manufacturer",
      "value": "QUALCOMM"
    },
    {
      "name": "ro.product.system.model",
      "value": "ohosqssi system image for arm64"
    },
    {
      "name": "ro.product.system.name",
      "value": "ohosqssi"
    },
    {
      "name": "ro.product.vendor.brand",
      "value": "qti"
    },
    {
      "name": "ro.product.vendor.device",
      "value": "lahaina"
    },
    {
      "name": "ro.product.vendor.manufacturer",
      "value": "HUAWEI"
    },
    {
      "name": "ro.product.vendor.model",
      "value": "Lahaina for arm64"
    },
    {
      "name": "ro.product.vendor.name",
      "value": "lahaina"
    },
    {
      "name": "ro.product.wallet.nfc",
      "value": "01|01|HUAWEI|01|02|01"
    },
    {
      "name": "ro.projectmenu.chargemaxlevel",
      "value": "60"
    },
    {
      "name": "ro.projectmenu.chargeminlevel",
      "value": "50"
    },
    {
      "name": "ro.prop.hwkeychain_switch",
      "value": "true"
    },
    {
      "name": "ro.property_service.version",
      "value": "2"
    },
    {
      "name": "ro.radio.vsim_modem_count",
      "value": "2"
    },
    {
      "name": "ro.radio.vsim_support",
      "value": "true"
    },
    {
      "name": "ro.revision",
      "value": "0"
    },
    {
      "name": "ro.ril.ecclist",
      "value": "112,911,#911,*911"
    },
    {
      "name": "ro.runmode",
      "value": "normal"
    },
    {
      "name": "ro.secure",
      "value": "0"
    },
    {
      "name": "ro.settings.use_dts_hwversion",
      "value": "true"
    },
    {
      "name": "ro.setupwizard.mode",
      "value": "DISABLED"
    },
    {
      "name": "ro.sf.lcd_density",
      "value": "480"
    },
    {
      "name": "ro.sohunews.channel",
      "value": "7083"
    },
    {
      "name": "ro.surface_flinger.force_hwc_copy_for_virtual_displays",
      "value": "true"
    },
    {
      "name": "ro.surface_flinger.has_HDR_display",
      "value": "true"
    },
    {
      "name": "ro.surface_flinger.has_wide_color_display",
      "value": "true"
    },
    {
      "name": "ro.surface_flinger.max_frame_buffer_acquired_buffers",
      "value": "3"
    },
    {
      "name": "ro.surface_flinger.max_virtual_display_dimension",
      "value": "4096"
    },
    {
      "name": "ro.surface_flinger.protected_contents",
      "value": "true"
    },
    {
      "name": "ro.surface_flinger.set_touch_timer_ms",
      "value": "0"
    },
    {
      "name": "ro.surface_flinger.use_color_management",
      "value": "true"
    },
    {
      "name": "ro.surface_flinger.use_content_detection_for_refresh_rate",
      "value": "true"
    },
    {
      "name": "ro.surface_flinger.wcg_composition_dataspace",
      "value": "143261696"
    },
    {
      "name": "ro.sys.ping_bf_dorecovery",
      "value": "true"
    },
    {
      "name": "ro.sys.powerup_reason",
      "value": "NORMAL"
    },
    {
      "name": "ro.syssvccallrecord.enable",
      "value": "true"
    },
    {
      "name": "ro.system.build.date",
      "value": "Fri Feb 11 13:16:46 CST 2022"
    },
    {
      "name": "ro.system.build.date.utc",
      "value": "1644556606"
    },
    {
      "name": "ro.system.build.fingerprint",
      "value": "Huawei/ohosqssi/ohosqssi:11/RP1A.200720.011/root202202111316:user/dev-keys"
    },
    {
      "name": "ro.system.build.id",
      "value": "RP1A.200720.011"
    },
    {
      "name": "ro.system.build.tags",
      "value": "dev-keys"
    },
    {
      "name": "ro.system.build.type",
      "value": "user"
    },
    {
      "name": "ro.system.build.version.incremental",
      "value": "eng.root.20220211.131713"
    },
    {
      "name": "ro.system.build.version.release",
      "value": "11"
    },
    {
      "name": "ro.system.build.version.release_or_codename",
      "value": "11"
    },
    {
      "name": "ro.system.build.version.sdk",
      "value": "30"
    },
    {
      "name": "ro.sysui.renderthread_timeout",
      "value": "5000"
    },
    {
      "name": "ro.sysui.signal.layout",
      "value": "signal_unit_uct_view"
    },
    {
      "name": "ro.telephony.call_ring.multiple",
      "value": "false"
    },
    {
      "name": "ro.telephony.default_network",
      "value": "22"
    },
    {
      "name": "ro.telephony.ril_class",
      "value": "HwQualcommRIL"
    },
    {
      "name": "ro.treble.enabled",
      "value": "true"
    },
    {
      "name": "ro.vendor.beluga.c",
      "value": "0x4800"
    },
    {
      "name": "ro.vendor.beluga.p",
      "value": "0x3"
    },
    {
      "name": "ro.vendor.beluga.s",
      "value": "0x900"
    },
    {
      "name": "ro.vendor.beluga.t",
      "value": "0x240"
    },
    {
      "name": "ro.vendor.build.date",
      "value": "Fri Feb 11 13:05:33 CST 2022"
    },
    {
      "name": "ro.vendor.build.date.utc",
      "value": "1644555933"
    },
    {
      "name": "ro.vendor.build.fingerprint",
      "value": "qti/lahaina/lahaina:11/RP1A.200720.011/root202202111305:user/dev-keys"
    },
    {
      "name": "ro.vendor.build.security_patch",
      "value": "2018-06-19"
    },
    {
      "name": "ro.vendor.build.version.incremental",
      "value": "20220211130635"
    },
    {
      "name": "ro.vendor.perf.scroll_opt",
      "value": "1"
    },
    {
      "name": "ro.vendor.qti.va_aosp.support",
      "value": "1"
    },
    {
      "name": "ro.vndk.version",
      "value": "30"
    },
    {
      "name": "ro.zygote",
      "value": "zygote64_32"
    }
  ]
}