{
  "sensor": [
    {
      "reporting_mode": 0,
      "name": "t1000 Accelerometer Non-wakeup",
      "vendor": "TDK-Invensense",
      "type": 1,
      "version": 258,
      "maximum_range": 156.90640258789062,
      "resolution": 0.004788403399288654,
      "power": 0.23999999463558197,
      "min_delay": 2500,
      "fifo_reserved_event_count": 3000,
      "fifo_max_event_count": 10000,
      "string_type": "android.sensor.accelerometer",
      "id": 0,
      "max_delay": 1000000,
      "is_wake_up_sensor": false,
      "is_dynamic_sensor": false,
      "is_additional_info_supported": false,
      "highest_direct_report_rate_level": 3,
      "supported_direct_channel_type": [
        2
      ]
    },
    {
      "reporting_mode": 0,
      "name": "t1000 Accelerometer Wakeup",
      "vendor": "TDK-Invensense",
      "type": 1,
      "version": 258,
      "maximum_range": 156.90640258789062,
      "resolution": 0.004788403399288654,
      "power": 0.23999999463558197,
      "min_delay": 2500,
      "fifo_reserved_event_count": 3000,
      "fifo_max_event_count": 10000,
      "string_type": "android.sensor.accelerometer",
      "id": 0,
      "max_delay": 1000000,
      "is_wake_up_sensor": true,
      "is_dynamic_sensor": false,
      "is_additional_info_supported": false,
      "highest_direct_report_rate_level": 3,
      "supported_direct_channel_type": [
        2
      ]
    },
    {
      "reporting_mode": 0,
      "name": "qmc6308 Magnetometer Non-wakeup",
      "vendor": "QST",
      "type": 2,
      "version": 258,
      "maximum_range": 4912.0,
      "resolution": 0.10000000149011612,
      "power": 1.100000023841858,
      "min_delay": 10000,
      "fifo_reserved_event_count": 600,
      "fifo_max_event_count": 10000,
      "string_type": "android.sensor.magnetic_field",
      "id": 0,
      "max_delay": 1000000,
      "is_wake_up_sensor": false,
      "is_dynamic_sensor": false,
      "is_additional_info_supported": false,
      "highest_direct_report_rate_level": 1,
      "supported_direct_channel_type": [
        2
      ]
    },
    {
      "reporting_mode": 0,
      "name": "qmc6308 Magnetometer Wakeup",
      "vendor": "QST",
      "type": 2,
      "version": 258,
      "maximum_range": 4912.0,
      "resolution": 0.10000000149011612,
      "power": 1.100000023841858,
      "min_delay": 10000,
      "fifo_reserved_event_count": 600,
      "fifo_max_event_count": 10000,
      "string_type": "android.sensor.magnetic_field",
      "id": 0,
      "max_delay": 1000000,
      "is_wake_up_sensor": true,
      "is_dynamic_sensor": false,
      "is_additional_info_supported": false,
      "highest_direct_report_rate_level": 1,
      "supported_direct_channel_type": [
        2
      ]
    },
    {
      "reporting_mode": 0,
      "name": "t1000 Gyroscope Non-wakeup",
      "vendor": "TDK-Invensense",
      "type": 4,
      "version": 258,
      "maximum_range": 34.906558990478516,
      "resolution": 0.0010652636410668492,
      "power": 0.5699999928474426,
      "min_delay": 2500,
      "fifo_reserved_event_count": 0,
      "fifo_max_event_count": 10000,
      "string_type": "android.sensor.gyroscope",
      "id": 0,
      "max_delay": 1000000,
      "is_wake_up_sensor": false,
      "is_dynamic_sensor": false,
      "is_additional_info_supported": true,
      "highest_direct_report_rate_level": 3,
      "supported_direct_channel_type": [
        2
      ]
    },
    {
      "reporting_mode": 0,
      "name": "t1000 Gyroscope Wakeup",
      "vendor": "TDK-Invensense",
      "type": 4,
      "version": 258,
      "maximum_range": 34.906558990478516,
      "resolution": 0.0010652636410668492,
      "power": 0.5699999928474426,
      "min_delay": 2500,
      "fifo_reserved_event_count": 0,
      "fifo_max_event_count": 10000,
      "string_type": "android.sensor.gyroscope",
      "id": 0,
      "max_delay": 1000000,
      "is_wake_up_sensor": true,
      "is_dynamic_sensor": false,
      "is_additional_info_supported": true,
      "highest_direct_report_rate_level": 3,
      "supported_direct_channel_type": [
        2
      ]
    },
    {
      "reporting_mode": 1,
      "name": "ltr311 Ambient Light Sensor Non-wakeup",
      "vendor": "Lite-On",
      "type": 5,
      "version": 257,
      "maximum_range": 1.0,
      "resolution": 0.009999999776482582,
      "power": 0.2199999988079071,
      "min_delay": 50000,
      "fifo_reserved_event_count": 0,
      "fifo_max_event_count": 10000,
      "string_type": "android.sensor.light",
      "id": 0,
      "max_delay": 1000000,
      "is_wake_up_sensor": false,
      "is_dynamic_sensor": false,
      "is_additional_info_supported": false,
      "highest_direct_report_rate_level": 0,
      "supported_direct_channel_type": []
    },
    {
      "reporting_mode": 1,
      "name": "ltr311 Ambient Light Sensor Wakeup",
      "vendor": "Lite-On",
      "type": 5,
      "version": 257,
      "maximum_range": 1.0,
      "resolution": 0.009999999776482582,
      "power": 0.2199999988079071,
      "min_delay": 50000,
      "fifo_reserved_event_count": 0,
      "fifo_max_event_count": 10000,
      "string_type": "android.sensor.light",
      "id": 0,
      "max_delay": 1000000,
      "is_wake_up_sensor": true,
      "is_dynamic_sensor": false,
      "is_additional_info_supported": false,
      "highest_direct_report_rate_level": 0,
      "supported_direct_channel_type": []
    },
    {
      "reporting_mode": 1,
      "name": "ultrasonic Proximity Sensor Non-wakeup",
      "vendor": "huawei",
      "type": 8,
      "version": 1,
      "maximum_range": 5.0,
      "resolution": 0.009999999776482582,
      "power": 0.0010000000474974513,
      "min_delay": 0,
      "fifo_reserved_event_count": 300,
      "fifo_max_event_count": 10000,
      "string_type": "android.sensor.proximity",
      "id": 0,
      "max_delay": 0,
      "is_wake_up_sensor": false,
      "is_dynamic_sensor": false,
      "is_additional_info_supported": false,
      "highest_direct_report_rate_level": 0,
      "supported_direct_channel_type": []
    },
    {
      "reporting_mode": 1,
      "name": "ultrasonic Proximity Sensor Wakeup",
      "vendor": "huawei",
      "type": 8,
      "version": 1,
      "maximum_range": 5.0,
      "resolution": 0.009999999776482582,
      "power": 0.0010000000474974513,
      "min_delay": 0,
      "fifo_reserved_event_count": 300,
      "fifo_max_event_count": 10000,
      "string_type": "android.sensor.proximity",
      "id": 0,
      "max_delay": 0,
      "is_wake_up_sensor": true,
      "is_dynamic_sensor": false,
      "is_additional_info_supported": false,
      "highest_direct_report_rate_level": 0,
      "supported_direct_channel_type": []
    },
    {
      "reporting_mode": 0,
      "name": "gravity  Non-wakeup",
      "vendor": "qualcomm",
      "type": 9,
      "version": 1,
      "maximum_range": 156.90625,
      "resolution": 0.009999999776482582,
      "power": 0.5149999856948853,
      "min_delay": 5000,
      "fifo_reserved_event_count": 300,
      "fifo_max_event_count": 10000,
      "string_type": "android.sensor.gravity",
      "id": 0,
      "max_delay": 200000,
      "is_wake_up_sensor": false,
      "is_dynamic_sensor": false,
      "is_additional_info_supported": false,
      "highest_direct_report_rate_level": 0,
      "supported_direct_channel_type": []
    },
    {
      "reporting_mode": 0,
      "name": "gravity  Wakeup",
      "vendor": "qualcomm",
      "type": 9,
      "version": 1,
      "maximum_range": 156.90625,
      "resolution": 0.009999999776482582,
      "power": 0.5149999856948853,
      "min_delay": 5000,
      "fifo_reserved_event_count": 300,
      "fifo_max_event_count": 10000,
      "string_type": "android.sensor.gravity",
      "id": 0,
      "max_delay": 200000,
      "is_wake_up_sensor": true,
      "is_dynamic_sensor": false,
      "is_additional_info_supported": false,
      "highest_direct_report_rate_level": 0,
      "supported_direct_channel_type": []
    },
    {
      "reporting_mode": 0,
      "name": "linear_acceleration",
      "vendor": "qualcomm",
      "type": 10,
      "version": 1,
      "maximum_range": 156.90625,
      "resolution": 0.009999999776482582,
      "power": 0.5149999856948853,
      "min_delay": 5000,
      "fifo_reserved_event_count": 300,
      "fifo_max_event_count": 10000,
      "string_type": "android.sensor.linear_acceleration",
      "id": 0,
      "max_delay": 200000,
      "is_wake_up_sensor": false,
      "is_dynamic_sensor": false,
      "is_additional_info_supported": false,
      "highest_direct_report_rate_level": 0,
      "supported_direct_channel_type": []
    },
    {
      "reporting_mode": 0,
      "name": "linear_acceleration_wakeup",
      "vendor": "qualcomm",
      "type": 10,
      "version": 1,
      "maximum_range": 156.90625,
      "resolution": 0.009999999776482582,
      "power": 0.5149999856948853,
      "min_delay": 5000,
      "fifo_reserved_event_count": 300,
      "fifo_max_event_count": 10000,
      "string_type": "android.sensor.linear_acceleration",
      "id": 0,
      "max_delay": 200000,
      "is_wake_up_sensor": true,
      "is_dynamic_sensor": false,
      "is_additional_info_supported": false,
      "highest_direct_report_rate_level": 0,
      "supported_direct_channel_type": []
    },
    {
      "reporting_mode": 0,
      "name": "Rotation Vector  Non-wakeup",
      "vendor": "qualcomm",
      "type": 11,
      "version": 1,
      "maximum_range": 1.0,
      "resolution": 0.009999999776482582,
      "power": 1.4149999618530273,
      "min_delay": 5000,
      "fifo_reserved_event_count": 0,
      "fifo_max_event_count": 10000,
      "string_type": "android.sensor.rotation_vector",
      "id": 0,
      "max_delay": 200000,
      "is_wake_up_sensor": false,
      "is_dynamic_sensor": false,
      "is_additional_info_supported": false,
      "highest_direct_report_rate_level": 0,
      "supported_direct_channel_type": []
    },
    {
      "reporting_mode": 0,
      "name": "Rotation Vector  Wakeup",
      "vendor": "qualcomm",
      "type": 11,
      "version": 1,
      "maximum_range": 1.0,
      "resolution": 0.009999999776482582,
      "power": 1.4149999618530273,
      "min_delay": 5000,
      "fifo_reserved_event_count": 0,
      "fifo_max_event_count": 10000,
      "string_type": "android.sensor.rotation_vector",
      "id": 0,
      "max_delay": 200000,
      "is_wake_up_sensor": true,
      "is_dynamic_sensor": false,
      "is_additional_info_supported": false,
      "highest_direct_report_rate_level": 0,
      "supported_direct_channel_type": []
    },
    {
      "reporting_mode": 0,
      "name": "qmc6308 Magnetometer-Uncalibrated Non-wakeup",
      "vendor": "QST",
      "type": 14,
      "version": 258,
      "maximum_range": 4912.0,
      "resolution": 0.10000000149011612,
      "power": 1.100000023841858,
      "min_delay": 10000,
      "fifo_reserved_event_count": 600,
      "fifo_max_event_count": 10000,
      "string_type": "android.sensor.magnetic_field_uncalibrated",
      "id": 0,
      "max_delay": 1000000,
      "is_wake_up_sensor": false,
      "is_dynamic_sensor": false,
      "is_additional_info_supported": false,
      "highest_direct_report_rate_level": 1,
      "supported_direct_channel_type": [
        2
      ]
    },
    {
      "reporting_mode": 0,
      "name": "qmc6308 Magnetometer-Uncalibrated Wakeup",
      "vendor": "QST",
      "type": 14,
      "version": 258,
      "maximum_range": 4912.0,
      "resolution": 0.10000000149011612,
      "power": 1.100000023841858,
      "min_delay": 10000,
      "fifo_reserved_event_count": 600,
      "fifo_max_event_count": 10000,
      "string_type": "android.sensor.magnetic_field_uncalibrated",
      "id": 0,
      "max_delay": 1000000,
      "is_wake_up_sensor": true,
      "is_dynamic_sensor": false,
      "is_additional_info_supported": false,
      "highest_direct_report_rate_level": 1,
      "supported_direct_channel_type": [
        2
      ]
    },
    {
      "reporting_mode": 0,
      "name": "Game Rotation Vector  Non-wakeup",
      "vendor": "qualcomm",
      "type": 15,
      "version": 1,
      "maximum_range": 1.0,
      "resolution": 0.009999999776482582,
      "power": 0.5149999856948853,
      "min_delay": 5000,
      "fifo_reserved_event_count": 300,
      "fifo_max_event_count": 10000,
      "string_type": "android.sensor.game_rotation_vector",
      "id": 0,
      "max_delay": 200000,
      "is_wake_up_sensor": false,
      "is_dynamic_sensor": false,
      "is_additional_info_supported": false,
      "highest_direct_report_rate_level": 0,
      "supported_direct_channel_type": []
    },
    {
      "reporting_mode": 0,
      "name": "Game Rotation Vector  Wakeup",
      "vendor": "qualcomm",
      "type": 15,
      "version": 1,
      "maximum_range": 1.0,
      "resolution": 0.009999999776482582,
      "power": 0.5149999856948853,
      "min_delay": 5000,
      "fifo_reserved_event_count": 300,
      "fifo_max_event_count": 10000,
      "string_type": "android.sensor.game_rotation_vector",
      "id": 0,
      "max_delay": 200000,
      "is_wake_up_sensor": true,
      "is_dynamic_sensor": false,
      "is_additional_info_supported": false,
      "highest_direct_report_rate_level": 0,
      "supported_direct_channel_type": []
    },
    {
      "reporting_mode": 0,
      "name": "t1000 Gyroscope-Uncalibrated Non-wakeup",
      "vendor": "TDK-Invensense",
      "type": 16,
      "version": 258,
      "maximum_range": 34.906558990478516,
      "resolution": 0.0010652636410668492,
      "power": 0.5699999928474426,
      "min_delay": 2500,
      "fifo_reserved_event_count": 0,
      "fifo_max_event_count": 10000,
      "string_type": "android.sensor.gyroscope_uncalibrated",
      "id": 0,
      "max_delay": 1000000,
      "is_wake_up_sensor": false,
      "is_dynamic_sensor": false,
      "is_additional_info_supported": true,
      "highest_direct_report_rate_level": 3,
      "supported_direct_channel_type": [
        2
      ]
    },
    {
      "reporting_mode": 0,
      "name": "t1000 Gyroscope-Uncalibrated Wakeup",
      "vendor": "TDK-Invensense",
      "type": 16,
      "version": 258,
      "maximum_range": 34.906558990478516,
      "resolution": 0.0010652636410668492,
      "power": 0.5699999928474426,
      "min_delay": 2500,
      "fifo_reserved_event_count": 0,
      "fifo_max_event_count": 10000,
      "string_type": "android.sensor.gyroscope_uncalibrated",
      "id": 0,
      "max_delay": 1000000,
      "is_wake_up_sensor": true,
      "is_dynamic_sensor": false,
      "is_additional_info_supported": true,
      "highest_direct_report_rate_level": 3,
      "supported_direct_channel_type": [
        2
      ]
    },
    {
      "reporting_mode": 3,
      "name": "pedometer  Non-wakeup",
      "vendor": "huawei",
      "type": 18,
      "version": 1,
      "maximum_range": 1.0,
      "resolution": 1.0,
      "power": 0.0010000000474974513,
      "min_delay": 0,
      "fifo_reserved_event_count": 300,
      "fifo_max_event_count": 10000,
      "string_type": "android.sensor.step_detector",
      "id": 0,
      "max_delay": 0,
      "is_wake_up_sensor": false,
      "is_dynamic_sensor": false,
      "is_additional_info_supported": false,
      "highest_direct_report_rate_level": 0,
      "supported_direct_channel_type": []
    },
    {
      "reporting_mode": 3,
      "name": "pedometer  Wakeup",
      "vendor": "huawei",
      "type": 18,
      "version": 1,
      "maximum_range": 1.0,
      "resolution": 1.0,
      "power": 0.0010000000474974513,
      "min_delay": 0,
      "fifo_reserved_event_count": 300,
      "fifo_max_event_count": 10000,
      "string_type": "android.sensor.step_detector",
      "id": 0,
      "max_delay": 0,
      "is_wake_up_sensor": true,
      "is_dynamic_sensor": false,
      "is_additional_info_supported": false,
      "highest_direct_report_rate_level": 0,
      "supported_direct_channel_type": []
    },
    {
      "reporting_mode": 1,
      "name": "pedometer  Non-wakeup",
      "vendor": "huawei",
      "type": 19,
      "version": 1,
      "maximum_range": 4.294967296E9,
      "resolution": 1.0,
      "power": 0.0010000000474974513,
      "min_delay": 0,
      "fifo_reserved_event_count": 300,
      "fifo_max_event_count": 10000,
      "string_type": "android.sensor.step_counter",
      "id": 0,
      "max_delay": 0,
      "is_wake_up_sensor": false,
      "is_dynamic_sensor": false,
      "is_additional_info_supported": false,
      "highest_direct_report_rate_level": 0,
      "supported_direct_channel_type": []
    },
    {
      "reporting_mode": 1,
      "name": "pedometer  Wakeup",
      "vendor": "huawei",
      "type": 19,
      "version": 1,
      "maximum_range": 4.294967296E9,
      "resolution": 1.0,
      "power": 0.0010000000474974513,
      "min_delay": 0,
      "fifo_reserved_event_count": 300,
      "fifo_max_event_count": 10000,
      "string_type": "android.sensor.step_counter",
      "id": 0,
      "max_delay": 0,
      "is_wake_up_sensor": true,
      "is_dynamic_sensor": false,
      "is_additional_info_supported": false,
      "highest_direct_report_rate_level": 0,
      "supported_direct_channel_type": []
    },
    {
      "reporting_mode": 0,
      "name": "sns_geomag_rv  Non-wakeup",
      "vendor": "qualcomm",
      "type": 20,
      "version": 1,
      "maximum_range": 1.0,
      "resolution": 0.009999999776482582,
      "power": 1.0499999523162842,
      "min_delay": 10000,
      "fifo_reserved_event_count": 0,
      "fifo_max_event_count": 10000,
      "string_type": "android.sensor.geomagnetic_rotation_vector",
      "id": 0,
      "max_delay": 200000,
      "is_wake_up_sensor": false,
      "is_dynamic_sensor": false,
      "is_additional_info_supported": false,
      "highest_direct_report_rate_level": 0,
      "supported_direct_channel_type": []
    },
    {
      "reporting_mode": 0,
      "name": "sns_geomag_rv  Wakeup",
      "vendor": "qualcomm",
      "type": 20,
      "version": 1,
      "maximum_range": 1.0,
      "resolution": 0.009999999776482582,
      "power": 1.0499999523162842,
      "min_delay": 10000,
      "fifo_reserved_event_count": 0,
      "fifo_max_event_count": 10000,
      "string_type": "android.sensor.geomagnetic_rotation_vector",
      "id": 0,
      "max_delay": 200000,
      "is_wake_up_sensor": true,
      "is_dynamic_sensor": false,
      "is_additional_info_supported": false,
      "highest_direct_report_rate_level": 0,
      "supported_direct_channel_type": []
    },
    {
      "reporting_mode": 1,
      "name": "Device Orientation  Non-wakeup",
      "vendor": "qualcomm",
      "type": 27,
      "version": 1,
      "maximum_range": 1.0,
      "resolution": 1.0,
      "power": 0.02500000037252903,
      "min_delay": 0,
      "fifo_reserved_event_count": 0,
      "fifo_max_event_count": 10000,
      "string_type": "android.sensor.device_orientation",
      "id": 0,
      "max_delay": 0,
      "is_wake_up_sensor": false,
      "is_dynamic_sensor": false,
      "is_additional_info_supported": false,
      "highest_direct_report_rate_level": 0,
      "supported_direct_channel_type": []
    },
    {
      "reporting_mode": 1,
      "name": "Device Orientation  Wakeup",
      "vendor": "qualcomm",
      "type": 27,
      "version": 1,
      "maximum_range": 1.0,
      "resolution": 1.0,
      "power": 0.02500000037252903,
      "min_delay": 0,
      "fifo_reserved_event_count": 0,
      "fifo_max_event_count": 10000,
      "string_type": "android.sensor.device_orientation",
      "id": 0,
      "max_delay": 0,
      "is_wake_up_sensor": true,
      "is_dynamic_sensor": false,
      "is_additional_info_supported": false,
      "highest_direct_report_rate_level": 0,
      "supported_direct_channel_type": []
    },
    {
      "reporting_mode": 0,
      "name": "t1000 Accelerometer-Uncalibrated Non-wakeup",
      "vendor": "TDK-Invensense",
      "type": 35,
      "version": 258,
      "maximum_range": 156.90640258789062,
      "resolution": 0.004788403399288654,
      "power": 0.23999999463558197,
      "min_delay": 2500,
      "fifo_reserved_event_count": 3000,
      "fifo_max_event_count": 10000,
      "string_type": "android.sensor.accelerometer_uncalibrated",
      "id": 0,
      "max_delay": 1000000,
      "is_wake_up_sensor": false,
      "is_dynamic_sensor": false,
      "is_additional_info_supported": false,
      "highest_direct_report_rate_level": 3,
      "supported_direct_channel_type": [
        2
      ]
    },
    {
      "reporting_mode": 0,
      "name": "t1000 Accelerometer-Uncalibrated Wakeup",
      "vendor": "TDK-Invensense",
      "type": 35,
      "version": 258,
      "maximum_range": 156.90640258789062,
      "resolution": 0.004788403399288654,
      "power": 0.23999999463558197,
      "min_delay": 2500,
      "fifo_reserved_event_count": 3000,
      "fifo_max_event_count": 10000,
      "string_type": "android.sensor.accelerometer_uncalibrated",
      "id": 0,
      "max_delay": 1000000,
      "is_wake_up_sensor": true,
      "is_dynamic_sensor": false,
      "is_additional_info_supported": false,
      "highest_direct_report_rate_level": 3,
      "supported_direct_channel_type": [
        2
      ]
    },
    {
      "reporting_mode": 1,
      "name": "VirtualAls VirtualAls Non-wakeup",
      "vendor": "huawei",
      "type": 65580,
      "version": 1,
      "maximum_range": 1.0,
      "resolution": 0.009999999776482582,
      "power": 0.0010000000474974513,
      "min_delay": 0,
      "fifo_reserved_event_count": 0,
      "fifo_max_event_count": 10000,
      "string_type": "android.sensor.virtual_als",
      "id": 0,
      "max_delay": 0,
      "is_wake_up_sensor": false,
      "is_dynamic_sensor": false,
      "is_additional_info_supported": false,
      "highest_direct_report_rate_level": 0,
      "supported_direct_channel_type": []
    },
    {
      "reporting_mode": 1,
      "name": "VirtualAls VirtualAls Wakeup",
      "vendor": "huawei",
      "type": 65580,
      "version": 1,
      "maximum_range": 1.0,
      "resolution": 0.009999999776482582,
      "power": 0.0010000000474974513,
      "min_delay": 0,
      "fifo_reserved_event_count": 0,
      "fifo_max_event_count": 10000,
      "string_type": "android.sensor.virtual_als",
      "id": 0,
      "max_delay": 0,
      "is_wake_up_sensor": true,
      "is_dynamic_sensor": false,
      "is_additional_info_supported": false,
      "highest_direct_report_rate_level": 0,
      "supported_direct_channel_type": []
    },
    {
      "reporting_mode": 1,
      "name": "VirtualProx VirtualProx Non-wakeup",
      "vendor": "huawei",
      "type": 65581,
      "version": 1,
      "maximum_range": 1.0,
      "resolution": 0.009999999776482582,
      "power": 0.0010000000474974513,
      "min_delay": 0,
      "fifo_reserved_event_count": 0,
      "fifo_max_event_count": 10000,
      "string_type": "android.sensor.virtual_prox",
      "id": 0,
      "max_delay": 0,
      "is_wake_up_sensor": false,
      "is_dynamic_sensor": false,
      "is_additional_info_supported": false,
      "highest_direct_report_rate_level": 0,
      "supported_direct_channel_type": []
    },
    {
      "reporting_mode": 1,
      "name": "VirtualProx VirtualProx Wakeup",
      "vendor": "huawei",
      "type": 65581,
      "version": 1,
      "maximum_range": 1.0,
      "resolution": 0.009999999776482582,
      "power": 0.0010000000474974513,
      "min_delay": 0,
      "fifo_reserved_event_count": 0,
      "fifo_max_event_count": 10000,
      "string_type": "android.sensor.virtual_prox",
      "id": 0,
      "max_delay": 0,
      "is_wake_up_sensor": true,
      "is_dynamic_sensor": false,
      "is_additional_info_supported": false,
      "highest_direct_report_rate_level": 0,
      "supported_direct_channel_type": []
    },
    {
      "reporting_mode": 1,
      "name": "qmc6308 Hall Effect Sensor Non-wakeup",
      "vendor": "QST",
      "type": 65538,
      "version": 258,
      "maximum_range": 4912.0,
      "resolution": 1.0,
      "power": 1.100000023841858,
      "min_delay": 10000,
      "fifo_reserved_event_count": 0,
      "fifo_max_event_count": 10000,
      "string_type": "qti.sensor.hall_effect",
      "id": 0,
      "max_delay": 1000000,
      "is_wake_up_sensor": false,
      "is_dynamic_sensor": false,
      "is_additional_info_supported": false,
      "highest_direct_report_rate_level": 0,
      "supported_direct_channel_type": []
    },
    {
      "reporting_mode": 0,
      "name": "Hw Ap Sensor",
      "vendor": "QST",
      "type": 65554,
      "version": 258,
      "maximum_range": 4912.0,
      "resolution": 0.10000000149011612,
      "power": 1.100000023841858,
      "min_delay": 10000,
      "fifo_reserved_event_count": 300,
      "fifo_max_event_count": 10000,
      "string_type": "android.sensor.color",
      "id": 0,
      "max_delay": 1000000,
      "is_wake_up_sensor": false,
      "is_dynamic_sensor": false,
      "is_additional_info_supported": false,
      "highest_direct_report_rate_level": 0,
      "supported_direct_channel_type": []
    }
  ]
}