{
  "cpu_info": "processor\t: 0\nBogoMIPS\t: 38.40\nFeatures\t: fp asimd evtstrm aes pmull sha1 sha2 crc32 atomics fphp asimdhp cpuid asimdrdm lrcpc dcpop asimddp\nCPU implementer\t: 0x41\nCPU architecture: 8\nCPU variant\t: 0x2\nCPU part\t: 0xd05\nCPU revision\t: 0\n\nprocessor\t: 1\nBogoMIPS\t: 38.40\nFeatures\t: fp asimd evtstrm aes pmull sha1 sha2 crc32 atomics fphp asimdhp cpuid asimdrdm lrcpc dcpop asimddp\nCPU implementer\t: 0x41\nCPU architecture: 8\nCPU variant\t: 0x2\nCPU part\t: 0xd05\nCPU revision\t: 0\n\nprocessor\t: 2\nBogoMIPS\t: 38.40\nFeatures\t: fp asimd evtstrm aes pmull sha1 sha2 crc32 atomics fphp asimdhp cpuid asimdrdm lrcpc dcpop asimddp\nCPU implementer\t: 0x41\nCPU architecture: 8\nCPU variant\t: 0x2\nCPU part\t: 0xd05\nCPU revision\t: 0\n\nprocessor\t: 3\nBogoMIPS\t: 38.40\nFeatures\t: fp asimd evtstrm aes pmull sha1 sha2 crc32 atomics fphp asimdhp cpuid asimdrdm lrcpc dcpop asimddp\nCPU implementer\t: 0x41\nCPU architecture: 8\nCPU variant\t: 0x2\nCPU part\t: 0xd05\nCPU revision\t: 0\n\nprocessor\t: 4\nBogoMIPS\t: 38.40\nFeatures\t: fp asimd e",
  "os_name": "Linux",
  "node_name": "localhost",
  "os_release": "5.4.86-qgki-debug-g5d8767844448-dirty",
  "os_version": "#1 SMP PREEMPT Fri Feb 11 13:10:00 CST 2022",
  "hardware_id": "aarch64",
  "kernel_version": "5.4.86",
  "sepolicy_version": "30.0",
  "hals": [
    "android.frameworks.cameraservice.service@2.1",
    "android.frameworks.displayservice@1.0",
    "android.frameworks.schedulerservice@1.0",
    "android.frameworks.sensorservice@1.0",
    "android.frameworks.stats@1.0",
    "android.hardware.atrace@1.0",
    "android.hardware.audio.effect@6.0",
    "android.hardware.audio@6.0",
    "android.hardware.biometrics.face@1.0",
    "android.hardware.biometrics.fingerprint@2.1",
    "android.hardware.bluetooth.audio@2.0",
    "android.hardware.bluetooth@1.0",
    "android.hardware.camera.provider@2.4",
    "android.hardware.cas@1.2",
    "android.hardware.drm@1.0",
    "android.hardware.drm@1.2",
    "android.hardware.drm@1.3",
    "android.hardware.gatekeeper@1.0",
    "android.hardware.gnss@1.0",
    "android.hardware.gnss@1.1",
    "android.hardware.gnss@2.1",
    "android.hardware.graphics.allocator@3.0",
    "android.hardware.graphics.allocator@4.0",
    "android.hardware.graphics.composer@2.4",
    "android.hardware.graphics.mapper@3.0",
    "android.hardware.graphics.mapper@4.0",
    "android.hardware.health@2.1",
    "android.hardware.ir@1.0",
    "android.hardware.keymaster@4.1",
    "android.hardware.light@2.0",
    "android.hardware.media.c2@1.0",
    "android.hardware.media.c2@1.1",
    "android.hardware.media.omx@1.0",
    "android.hardware.memtrack@1.0",
    "android.hardware.neuralnetworks@1.3",
    "android.hardware.nfc@1.2",
    "android.hardware.power",
    "android.hardware.radio.config@1.1",
    "android.hardware.radio@1.2",
    "android.hardware.radio@1.5",
    "android.hardware.secure_element@1.2",
    "android.hardware.sensors@2.1",
    "android.hardware.soundtrigger@2.3",
    "android.hardware.tetheroffload.config@1.0",
    "android.hardware.tetheroffload.control@1.0",
    "android.hardware.thermal@1.0",
    "android.hardware.thermal@2.0",
    "android.hardware.usb@1.2",
    "android.hardware.vibrator@1.0",
    "android.hardware.wifi.hostapd@1.2",
    "android.hardware.wifi.supplicant@1.3",
    "android.hardware.wifi@1.4",
    "android.hidl.allocator@1.0",
    "android.hidl.manager@1.2",
    "android.hidl.memory@1.0",
    "android.hidl.token@1.0",
    "android.system.net.netd@1.1",
    "android.system.suspend@1.0",
    "android.system.wifi.keystore@1.0",
    "com.dsi.ant@1.0",
    "com.qualcomm.qti.dpm.api@1.0",
    "com.qualcomm.qti.imscmservice@2.2",
    "com.qualcomm.qti.uceservice@2.3",
    "vendor.display.color@1.5",
    "vendor.display.config@2.0",
    "vendor.display.postproc@1.0",
    "vendor.huawei.hardware.activity_recognition@1.1",
    "vendor.huawei.hardware.audioremote@1.0",
    "vendor.huawei.hardware.audioremote@1.1",
    "vendor.huawei.hardware.biometrics.fingerprint@2.2",
    "vendor.huawei.hardware.biometrics.hwfacerecognize@2.0",
    "vendor.huawei.hardware.biometrics.hwvoiceid@2.1",
    "vendor.huawei.hardware.camera.camResource@1.5",
    "vendor.huawei.hardware.camera.cfgsvr@1.1",
    "vendor.huawei.hardware.camera.factory@1.1",
    "vendor.huawei.hardware.camera.vircamera@1.0",
    "vendor.huawei.hardware.eid@1.1",
    "vendor.huawei.hardware.fusd@1.6",
    "vendor.huawei.hardware.huaweiantitheft@1.0",
    "vendor.huawei.hardware.huaweisigntool@1.0",
    "vendor.huawei.hardware.hwdisplay.displayengine@1.2",
    "vendor.huawei.hardware.hwdisplay@1.2",
    "vendor.huawei.hardware.hwfactoryinterface@1.1",
    "vendor.huawei.hardware.hwfs@1.0",
    "vendor.huawei.hardware.hwhiview@1.0",
    "vendor.huawei.hardware.hwsched@1.0",
    "vendor.huawei.hardware.hwstp@1.0",
    "vendor.huawei.hardware.hwupdate@1.0",
    "vendor.huawei.hardware.hwvibrator@1.1",
    "vendor.huawei.hardware.iawareperf@1.0",
    "vendor.huawei.hardware.iawareperfpolicy@1.0",
    "vendor.huawei.hardware.kds@1.1",
    "vendor.huawei.hardware.light@2.0",
    "vendor.huawei.hardware.nfc@1.0",
    "vendor.huawei.hardware.nnx@1.0",
    "vendor.huawei.hardware.nxpnfc@1.0",
    "vendor.huawei.hardware.power@1.0",
    "vendor.huawei.hardware.radio.deprecated@1.0",
    "vendor.huawei.hardware.radio.distributed@1.0",
    "vendor.huawei.hardware.radio.dvmodem@1.0",
    "vendor.huawei.hardware.radio@2.2",
    "vendor.huawei.hardware.radio_radar@1.0",
    "vendor.huawei.hardware.sensors@2.1",
    "vendor.huawei.hardware.tp@1.0",
    "vendor.huawei.hardware.wifi.stereo@1.0",
    "vendor.huawei.hardware.wifi.supplicant@4.0",
    "vendor.huawei.hardware.wifi.waudio@1.0",
    "vendor.huawei.hardware.wifi@1.2",
    "vendor.qti.data.factory@2.3",
    "vendor.qti.diaghal@1.0",
    "vendor.qti.esepowermanager@1.1",
    "vendor.qti.gnss@1.2",
    "vendor.qti.gnss@2.1",
    "vendor.qti.gnss@3.0",
    "vendor.qti.gnss@4.0",
    "vendor.qti.hardware.alarm@1.0",
    "vendor.qti.hardware.bluetooth_audio@2.1",
    "vendor.qti.hardware.bluetooth_sar@1.1",
    "vendor.qti.hardware.btconfigstore@2.0",
    "vendor.qti.hardware.cacert@1.0",
    "vendor.qti.hardware.camera.postproc@1.0",
    "vendor.qti.hardware.capabilityconfigstore@1.0",
    "vendor.qti.hardware.data.connection@1.1",
    "vendor.qti.hardware.data.iwlan@1.0",
    "vendor.qti.hardware.data.latency@1.0",
    "vendor.qti.hardware.display.allocator@3.0",
    "vendor.qti.hardware.display.allocator@4.0",
    "vendor.qti.hardware.display.composer@3.0",
    "vendor.qti.hardware.display.mapper@3.0",
    "vendor.qti.hardware.display.mapper@4.0",
    "vendor.qti.hardware.dsp@1.0",
    "vendor.qti.hardware.eid@1.0",
    "vendor.qti.hardware.embmssl@1.1",
    "vendor.qti.hardware.factory@1.1",
    "vendor.qti.hardware.fm@1.0",
    "vendor.qti.hardware.fstman@1.0",
    "vendor.qti.hardware.iop@2.0",
    "vendor.qti.hardware.limits@1.0",
    "vendor.qti.hardware.mwqemadapter@1.0",
    "vendor.qti.hardware.perf@2.2",
    "vendor.qti.hardware.qccsyshal@1.0",
    "vendor.qti.hardware.qccvndhal@1.0",
    "vendor.qti.hardware.qconfig@1.0",
    "vendor.qti.hardware.qseecom@1.0",
    "vendor.qti.hardware.qteeconnector@1.0",
    "vendor.qti.hardware.radio.am@1.0",
    "vendor.qti.hardware.radio.atcmdfwd@1.0",
    "vendor.qti.hardware.radio.ims@1.7",
    "vendor.qti.hardware.radio.internal.deviceinfo@1.0",
    "vendor.qti.hardware.radio.lpa@1.1",
    "vendor.qti.hardware.radio.qcrilhook@1.0",
    "vendor.qti.hardware.radio.qtiradio@1.0",
    "vendor.qti.hardware.radio.qtiradio@2.6",
    "vendor.qti.hardware.radio.uim@1.2",
    "vendor.qti.hardware.radio.uim_remote_client@1.0",
    "vendor.qti.hardware.radio.uim_remote_server@1.0",
    "vendor.qti.hardware.secureprocessor.device@1.0",
    "vendor.qti.hardware.sensorscalibrate@1.0",
    "vendor.qti.hardware.servicetracker@1.2",
    "vendor.qti.hardware.sigma_miracast@1.0",
    "vendor.qti.hardware.soter@1.0",
    "vendor.qti.hardware.sxrhal@1.0",
    "vendor.qti.hardware.systemhelper@1.0",
    "vendor.qti.hardware.trustedui@1.1",
    "vendor.qti.hardware.trustedui@1.2",
    "vendor.qti.hardware.tui_comm@1.0",
    "vendor.qti.hardware.vpp@2.0",
    "vendor.qti.hardware.wifi.hostapd@1.2",
    "vendor.qti.hardware.wifi.supplicant@2.2",
    "vendor.qti.hardware.wifi.wificfr@1.0",
    "vendor.qti.hardware.wifi.wifilearner@1.0",
    "vendor.qti.hardware.wifidisplaysession@1.0",
    "vendor.qti.hardware.wigig.netperftuner@1.0",
    "vendor.qti.hardware.wigig.supptunnel@1.0",
    "vendor.qti.ims.callinfo@1.0",
    "vendor.qti.ims.factory@1.1",
    "vendor.qti.imsrtpservice@3.0",
    "vendor.qti.memory.pasrmanager@1.1",
    "vendor.qti.qesdhal@1.1",
    "vendor.qti.qspmhal@1.0",
    "vendor.qti.spu@1.1"
  ],
  "vndk_snapshots": [
    {
      "version": "30",
      "libraries": []
    }
  ],
  "target_fcm_version": 5
}