{"test_high_quality_reprocessing_latency":[{"camera_id":"0","format":35,"reprocess_type":"YUV reprocessing","capture_message":"shot to shot latency for High Quality noise reduction and edge modes","latency":[692.0,670.0,614.0,650.0,601.0,667.0],"camera_reprocessing_shot_to_shot_average_latency":649.0},{"camera_id":"0","format":34,"reprocess_type":"opaque reprocessing","capture_message":"shot to shot latency for High Quality noise reduction and edge modes","latency":[718.0,632.0,701.0,643.0,661.0,718.0],"camera_reprocessing_shot_to_shot_average_latency":678.8333333333334},{"camera_id":"1","format":35}],"test_reprocessing_capture_stall":[{"camera_id":"0","format":35,"reprocess_type":"YUV reprocessing","max_capture_timestamp_gaps":[66.64,99.96,99.96],"capture_average_frame_duration":[33.333333,33.333333,33.333333],"camera_reprocessing_average_max_capture_timestamp_gaps":88.85333333333334},{"camera_id":"0","format":34,"reprocess_type":"opaque reprocessing","max_capture_timestamp_gaps":[99.96,99.96,66.64],"capture_average_frame_duration":[33.333333,33.333333,33.333333],"camera_reprocessing_average_max_capture_timestamp_gaps":88.85333333333334},{"camera_id":"1","format":35}],"test_multiple_capture":[{"camera_id":"0","camera_multiple_capture_result_latency":[356.3,369.59999999999997,360.7,357.8],"camera_multiple_capture_frame_duration":[33.3199948,33.3199948,33.3200104]}]}